,name,position,contacts_full_info,type_of_contact,links
0,Doris Achelwilm,The Left Party,"{'doris-achelwilm.de': 'http://www.doris-achelwilm.de/', 'Facebook': 'https://www.facebook.com/doris.achelwilm.dielinke/', 'Twitter': 'https://twitter.com/DorisAchelwilm', 'Instagram': 'https://www.instagram.com/doris_achelwilm/'}","doris-achelwilm.de , Facebook , Twitter , Instagram","http://www.doris-achelwilm.de/ , https://www.facebook.com/doris.achelwilm.dielinke/ , https://twitter.com/DorisAchelwilm , https://www.instagram.com/doris_achelwilm/"
1,Grigorios Aggelidis,FDP,"{'grigorios-aggelidis.de': 'http://www.grigorios-aggelidis.de', 'Facebook': 'https://www.facebook.com/Aggelidis.Grigorios/?ref=ts&fref=ts', 'Twitter': 'https://twitter.com/aggelidis_fdp?lang=de', 'Instagram': 'https://www.instagram.com/grigorios.aggelidis/?hl=de'}","grigorios-aggelidis.de , Facebook , Twitter , Instagram","http://www.grigorios-aggelidis.de , https://www.facebook.com/Aggelidis.Grigorios/?ref=ts&fref=ts , https://twitter.com/aggelidis_fdp?lang=de , https://www.instagram.com/grigorios.aggelidis/?hl=de"
2,Gökay Akbulut,The Left Party,"{'goekay-akbulut.de': 'https://goekay-akbulut.de/', 'Facebook': 'https://www.facebook.com/gokay.akbulut.146', 'Twitter': 'https://twitter.com/akbulutgokay?lang=de', 'Instagram': 'https://www.instagram.com/gokayakbulut_mdb_linke/?hl=de'}","goekay-akbulut.de , Facebook , Twitter , Instagram","https://goekay-akbulut.de/ , https://www.facebook.com/gokay.akbulut.146 , https://twitter.com/akbulutgokay?lang=de , https://www.instagram.com/gokayakbulut_mdb_linke/?hl=de"
3,Stephan Albani,CDU/CSU,{'stephan-albani.de': 'http://www.stephan-albani.de'},stephan-albani.de,http://www.stephan-albani.de
4,Renata Alt,FDP,"{'renata-alt.de': 'http://www.renata-alt.de', 'Facebook': 'https://www.facebook.com/AltRenata/'}","renata-alt.de , Facebook","http://www.renata-alt.de , https://www.facebook.com/AltRenata/"
5,Norbert Altenkamp,CDU/CSU,"{'norbert-altenkamp.de': 'http://www.norbert-altenkamp.de/', 'Facebook': 'https://www.facebook.com/AltenkampMdB/'}","norbert-altenkamp.de , Facebook","http://www.norbert-altenkamp.de/ , https://www.facebook.com/AltenkampMdB/"
6,Peter Altmaier,CDU/CSU,"{'peteraltmaier.de': 'http://www.peteraltmaier.de/', 'Facebook': 'https://de-de.facebook.com/peter.altmaier/', 'Twitter': 'https://twitter.com/peteraltmaier'}","peteraltmaier.de , Facebook , Twitter","http://www.peteraltmaier.de/ , https://de-de.facebook.com/peter.altmaier/ , https://twitter.com/peteraltmaier"
7,Philipp Amthor,CDU/CSU,"{'philipp-amthor.de': 'http://www.philipp-amthor.de/', 'Facebook': 'https://www.facebook.com/amthor.philipp/'}","philipp-amthor.de , Facebook","http://www.philipp-amthor.de/ , https://www.facebook.com/amthor.philipp/"
8,Luise Amtsberg,Alliance 90/The Greens,"{'luise-amtsberg.de': 'http://www.luise-amtsberg.de', 'Facebook': 'https://de-de.facebook.com/LuiseAmtsberg/', 'Instagram': 'https://www.instagram.com/amtsbergluise/?hl=de'}","luise-amtsberg.de , Facebook , Instagram","http://www.luise-amtsberg.de , https://de-de.facebook.com/LuiseAmtsberg/ , https://www.instagram.com/amtsbergluise/?hl=de"
9,Kerstin Andreae,Alliance 90/The Greens,{'Wahlkreis 281: Freiburg': '?wknr=281#scroll=mod'},Wahlkreis 281: Freiburg,?wknr=281#scroll=mod
10,Niels Annen,SPD,{'nielsannen.de': 'http://www.nielsannen.de'},nielsannen.de,http://www.nielsannen.de
11,Ingrid Arndt-Brauer,SPD,{'arndt-brauer.de': 'http://www.arndt-brauer.de'},arndt-brauer.de,http://www.arndt-brauer.de
12,Christine Aschenberg-Dugnus,FDP,"{'caschenbergdugnus.abgeordnete.fdpbt.de': 'https://caschenbergdugnus.abgeordnete.fdpbt.de/', 'Facebook': 'https://www.facebook.com/AschenbergDugnusMdB/', 'Twitter': 'https://twitter.com/cad59?lang=de', 'Instagram': 'https://www.instagram.com/aschenbergdugnus/?hl=de'}","caschenbergdugnus.abgeordnete.fdpbt.de , Facebook , Twitter , Instagram","https://caschenbergdugnus.abgeordnete.fdpbt.de/ , https://www.facebook.com/AschenbergDugnusMdB/ , https://twitter.com/cad59?lang=de , https://www.instagram.com/aschenbergdugnus/?hl=de"
13,Artur Auernhammer,CDU/CSU,{'Facebook': 'https://www.facebook.com/AuernhammerMdB'},Facebook,https://www.facebook.com/AuernhammerMdB
14,Peter Aumer,CDU/CSU,"{'peter-aumer.de': 'http://www.peter-aumer.de/', 'Facebook': 'https://www.facebook.com/PeAumer/'}","peter-aumer.de , Facebook","http://www.peter-aumer.de/ , https://www.facebook.com/PeAumer/"
15,Bela Bach,SPD,"{'Facebook': 'https://www.facebook.com/BelaBachSPD/', 'Twitter': 'https://twitter.com/bela_bach', 'Instagram': 'https://www.instagram.com/bela_bach/'}","Facebook , Twitter , Instagram","https://www.facebook.com/BelaBachSPD/ , https://twitter.com/bela_bach , https://www.instagram.com/bela_bach/"
16,Lisa Badum,Alliance 90/The Greens,"{'lisa-badum.de': 'http://www.lisa-badum.de/', 'Facebook': 'https://www.facebook.com/BadumLisa/', 'Twitter': 'https://twitter.com/badulrichmartha', 'Instagram': 'https://www.instagram.com/badumlisa/?hl=de'}","lisa-badum.de , Facebook , Twitter , Instagram","http://www.lisa-badum.de/ , https://www.facebook.com/BadumLisa/ , https://twitter.com/badulrichmartha , https://www.instagram.com/badumlisa/?hl=de"
17,Heike Baehrens,SPD,{'heike-baehrens.de': 'http://www.heike-baehrens.de'},heike-baehrens.de,http://www.heike-baehrens.de
18,Dorothee Bär,CDU/CSU,{'dorothee-baer.de': 'https://dorothee-baer.de/'},dorothee-baer.de,https://dorothee-baer.de/
19,Annalena Baerbock,Alliance 90/The Greens,{'Wahlkreis 061: Potsdam – Potsdam-Mittelmark II – Teltow-Fläming II': '?wknr=061#scroll=mod'},Wahlkreis 061: Potsdam – Potsdam-Mittelmark II – Teltow-Fläming II,?wknr=061#scroll=mod
20,Grigorios Aggelidis,FDP,"{'grigorios-aggelidis.de': 'http://www.grigorios-aggelidis.de', 'Facebook': 'https://www.facebook.com/Aggelidis.Grigorios/?ref=ts&fref=ts', 'Twitter': 'https://twitter.com/aggelidis_fdp?lang=de', 'Instagram': 'https://www.instagram.com/grigorios.aggelidis/?hl=de'}","grigorios-aggelidis.de , Facebook , Twitter , Instagram","http://www.grigorios-aggelidis.de , https://www.facebook.com/Aggelidis.Grigorios/?ref=ts&fref=ts , https://twitter.com/aggelidis_fdp?lang=de , https://www.instagram.com/grigorios.aggelidis/?hl=de"
21,Gökay Akbulut,The Left Party,"{'goekay-akbulut.de': 'https://goekay-akbulut.de/', 'Facebook': 'https://www.facebook.com/gokay.akbulut.146', 'Twitter': 'https://twitter.com/akbulutgokay?lang=de', 'Instagram': 'https://www.instagram.com/gokayakbulut_mdb_linke/?hl=de'}","goekay-akbulut.de , Facebook , Twitter , Instagram","https://goekay-akbulut.de/ , https://www.facebook.com/gokay.akbulut.146 , https://twitter.com/akbulutgokay?lang=de , https://www.instagram.com/gokayakbulut_mdb_linke/?hl=de"
22,Stephan Albani,CDU/CSU,{'stephan-albani.de': 'http://www.stephan-albani.de'},stephan-albani.de,http://www.stephan-albani.de
23,Renata Alt,FDP,"{'renata-alt.de': 'http://www.renata-alt.de', 'Facebook': 'https://www.facebook.com/AltRenata/'}","renata-alt.de , Facebook","http://www.renata-alt.de , https://www.facebook.com/AltRenata/"
24,Norbert Altenkamp,CDU/CSU,"{'norbert-altenkamp.de': 'http://www.norbert-altenkamp.de/', 'Facebook': 'https://www.facebook.com/AltenkampMdB/'}","norbert-altenkamp.de , Facebook","http://www.norbert-altenkamp.de/ , https://www.facebook.com/AltenkampMdB/"
25,Peter Altmaier,CDU/CSU,"{'peteraltmaier.de': 'http://www.peteraltmaier.de/', 'Facebook': 'https://de-de.facebook.com/peter.altmaier/', 'Twitter': 'https://twitter.com/peteraltmaier'}","peteraltmaier.de , Facebook , Twitter","http://www.peteraltmaier.de/ , https://de-de.facebook.com/peter.altmaier/ , https://twitter.com/peteraltmaier"
26,Philipp Amthor,CDU/CSU,"{'philipp-amthor.de': 'http://www.philipp-amthor.de/', 'Facebook': 'https://www.facebook.com/amthor.philipp/'}","philipp-amthor.de , Facebook","http://www.philipp-amthor.de/ , https://www.facebook.com/amthor.philipp/"
27,Luise Amtsberg,Alliance 90/The Greens,"{'luise-amtsberg.de': 'http://www.luise-amtsberg.de', 'Facebook': 'https://de-de.facebook.com/LuiseAmtsberg/', 'Instagram': 'https://www.instagram.com/amtsbergluise/?hl=de'}","luise-amtsberg.de , Facebook , Instagram","http://www.luise-amtsberg.de , https://de-de.facebook.com/LuiseAmtsberg/ , https://www.instagram.com/amtsbergluise/?hl=de"
28,Kerstin Andreae,Alliance 90/The Greens,{'Wahlkreis 281: Freiburg': '?wknr=281#scroll=mod'},Wahlkreis 281: Freiburg,?wknr=281#scroll=mod
29,Niels Annen,SPD,{'nielsannen.de': 'http://www.nielsannen.de'},nielsannen.de,http://www.nielsannen.de
30,Ingrid Arndt-Brauer,SPD,{'arndt-brauer.de': 'http://www.arndt-brauer.de'},arndt-brauer.de,http://www.arndt-brauer.de
31,Christine Aschenberg-Dugnus,FDP,"{'caschenbergdugnus.abgeordnete.fdpbt.de': 'https://caschenbergdugnus.abgeordnete.fdpbt.de/', 'Facebook': 'https://www.facebook.com/AschenbergDugnusMdB/', 'Twitter': 'https://twitter.com/cad59?lang=de', 'Instagram': 'https://www.instagram.com/aschenbergdugnus/?hl=de'}","caschenbergdugnus.abgeordnete.fdpbt.de , Facebook , Twitter , Instagram","https://caschenbergdugnus.abgeordnete.fdpbt.de/ , https://www.facebook.com/AschenbergDugnusMdB/ , https://twitter.com/cad59?lang=de , https://www.instagram.com/aschenbergdugnus/?hl=de"
32,Artur Auernhammer,CDU/CSU,{'Facebook': 'https://www.facebook.com/AuernhammerMdB'},Facebook,https://www.facebook.com/AuernhammerMdB
33,Peter Aumer,CDU/CSU,"{'peter-aumer.de': 'http://www.peter-aumer.de/', 'Facebook': 'https://www.facebook.com/PeAumer/'}","peter-aumer.de , Facebook","http://www.peter-aumer.de/ , https://www.facebook.com/PeAumer/"
34,Bela Bach,SPD,"{'Facebook': 'https://www.facebook.com/BelaBachSPD/', 'Twitter': 'https://twitter.com/bela_bach', 'Instagram': 'https://www.instagram.com/bela_bach/'}","Facebook , Twitter , Instagram","https://www.facebook.com/BelaBachSPD/ , https://twitter.com/bela_bach , https://www.instagram.com/bela_bach/"
35,Lisa Badum,Alliance 90/The Greens,"{'lisa-badum.de': 'http://www.lisa-badum.de/', 'Facebook': 'https://www.facebook.com/BadumLisa/', 'Twitter': 'https://twitter.com/badulrichmartha', 'Instagram': 'https://www.instagram.com/badumlisa/?hl=de'}","lisa-badum.de , Facebook , Twitter , Instagram","http://www.lisa-badum.de/ , https://www.facebook.com/BadumLisa/ , https://twitter.com/badulrichmartha , https://www.instagram.com/badumlisa/?hl=de"
36,Heike Baehrens,SPD,{'heike-baehrens.de': 'http://www.heike-baehrens.de'},heike-baehrens.de,http://www.heike-baehrens.de
37,Dorothee Bär,CDU/CSU,{'dorothee-baer.de': 'https://dorothee-baer.de/'},dorothee-baer.de,https://dorothee-baer.de/
38,Annalena Baerbock,Alliance 90/The Greens,{'Wahlkreis 061: Potsdam – Potsdam-Mittelmark II – Teltow-Fläming II': '?wknr=061#scroll=mod'},Wahlkreis 061: Potsdam – Potsdam-Mittelmark II – Teltow-Fläming II,?wknr=061#scroll=mod
39,Ulrike Bahr,SPD,{'Wahlkreis 252: Augsburg-Stadt': '?wknr=252#scroll=mod'},Wahlkreis 252: Augsburg-Stadt,?wknr=252#scroll=mod
40,Gökay Akbulut,The Left Party,"{'goekay-akbulut.de': 'https://goekay-akbulut.de/', 'Facebook': 'https://www.facebook.com/gokay.akbulut.146', 'Twitter': 'https://twitter.com/akbulutgokay?lang=de', 'Instagram': 'https://www.instagram.com/gokayakbulut_mdb_linke/?hl=de'}","goekay-akbulut.de , Facebook , Twitter , Instagram","https://goekay-akbulut.de/ , https://www.facebook.com/gokay.akbulut.146 , https://twitter.com/akbulutgokay?lang=de , https://www.instagram.com/gokayakbulut_mdb_linke/?hl=de"
41,Stephan Albani,CDU/CSU,{'stephan-albani.de': 'http://www.stephan-albani.de'},stephan-albani.de,http://www.stephan-albani.de
42,Renata Alt,FDP,"{'renata-alt.de': 'http://www.renata-alt.de', 'Facebook': 'https://www.facebook.com/AltRenata/'}","renata-alt.de , Facebook","http://www.renata-alt.de , https://www.facebook.com/AltRenata/"
43,Norbert Altenkamp,CDU/CSU,"{'norbert-altenkamp.de': 'http://www.norbert-altenkamp.de/', 'Facebook': 'https://www.facebook.com/AltenkampMdB/'}","norbert-altenkamp.de , Facebook","http://www.norbert-altenkamp.de/ , https://www.facebook.com/AltenkampMdB/"
44,Peter Altmaier,CDU/CSU,"{'peteraltmaier.de': 'http://www.peteraltmaier.de/', 'Facebook': 'https://de-de.facebook.com/peter.altmaier/', 'Twitter': 'https://twitter.com/peteraltmaier'}","peteraltmaier.de , Facebook , Twitter","http://www.peteraltmaier.de/ , https://de-de.facebook.com/peter.altmaier/ , https://twitter.com/peteraltmaier"
45,Philipp Amthor,CDU/CSU,"{'philipp-amthor.de': 'http://www.philipp-amthor.de/', 'Facebook': 'https://www.facebook.com/amthor.philipp/'}","philipp-amthor.de , Facebook","http://www.philipp-amthor.de/ , https://www.facebook.com/amthor.philipp/"
46,Luise Amtsberg,Alliance 90/The Greens,"{'luise-amtsberg.de': 'http://www.luise-amtsberg.de', 'Facebook': 'https://de-de.facebook.com/LuiseAmtsberg/', 'Instagram': 'https://www.instagram.com/amtsbergluise/?hl=de'}","luise-amtsberg.de , Facebook , Instagram","http://www.luise-amtsberg.de , https://de-de.facebook.com/LuiseAmtsberg/ , https://www.instagram.com/amtsbergluise/?hl=de"
47,Kerstin Andreae,Alliance 90/The Greens,{'Wahlkreis 281: Freiburg': '?wknr=281#scroll=mod'},Wahlkreis 281: Freiburg,?wknr=281#scroll=mod
48,Niels Annen,SPD,{'nielsannen.de': 'http://www.nielsannen.de'},nielsannen.de,http://www.nielsannen.de
49,Ingrid Arndt-Brauer,SPD,{'arndt-brauer.de': 'http://www.arndt-brauer.de'},arndt-brauer.de,http://www.arndt-brauer.de
50,Christine Aschenberg-Dugnus,FDP,"{'caschenbergdugnus.abgeordnete.fdpbt.de': 'https://caschenbergdugnus.abgeordnete.fdpbt.de/', 'Facebook': 'https://www.facebook.com/AschenbergDugnusMdB/', 'Twitter': 'https://twitter.com/cad59?lang=de', 'Instagram': 'https://www.instagram.com/aschenbergdugnus/?hl=de'}","caschenbergdugnus.abgeordnete.fdpbt.de , Facebook , Twitter , Instagram","https://caschenbergdugnus.abgeordnete.fdpbt.de/ , https://www.facebook.com/AschenbergDugnusMdB/ , https://twitter.com/cad59?lang=de , https://www.instagram.com/aschenbergdugnus/?hl=de"
51,Artur Auernhammer,CDU/CSU,{'Facebook': 'https://www.facebook.com/AuernhammerMdB'},Facebook,https://www.facebook.com/AuernhammerMdB
52,Peter Aumer,CDU/CSU,"{'peter-aumer.de': 'http://www.peter-aumer.de/', 'Facebook': 'https://www.facebook.com/PeAumer/'}","peter-aumer.de , Facebook","http://www.peter-aumer.de/ , https://www.facebook.com/PeAumer/"
53,Bela Bach,SPD,"{'Facebook': 'https://www.facebook.com/BelaBachSPD/', 'Twitter': 'https://twitter.com/bela_bach', 'Instagram': 'https://www.instagram.com/bela_bach/'}","Facebook , Twitter , Instagram","https://www.facebook.com/BelaBachSPD/ , https://twitter.com/bela_bach , https://www.instagram.com/bela_bach/"
54,Lisa Badum,Alliance 90/The Greens,"{'lisa-badum.de': 'http://www.lisa-badum.de/', 'Facebook': 'https://www.facebook.com/BadumLisa/', 'Twitter': 'https://twitter.com/badulrichmartha', 'Instagram': 'https://www.instagram.com/badumlisa/?hl=de'}","lisa-badum.de , Facebook , Twitter , Instagram","http://www.lisa-badum.de/ , https://www.facebook.com/BadumLisa/ , https://twitter.com/badulrichmartha , https://www.instagram.com/badumlisa/?hl=de"
55,Heike Baehrens,SPD,{'heike-baehrens.de': 'http://www.heike-baehrens.de'},heike-baehrens.de,http://www.heike-baehrens.de
56,Dorothee Bär,CDU/CSU,{'dorothee-baer.de': 'https://dorothee-baer.de/'},dorothee-baer.de,https://dorothee-baer.de/
57,Annalena Baerbock,Alliance 90/The Greens,{'Wahlkreis 061: Potsdam – Potsdam-Mittelmark II – Teltow-Fläming II': '?wknr=061#scroll=mod'},Wahlkreis 061: Potsdam – Potsdam-Mittelmark II – Teltow-Fläming II,?wknr=061#scroll=mod
58,Ulrike Bahr,SPD,{'Wahlkreis 252: Augsburg-Stadt': '?wknr=252#scroll=mod'},Wahlkreis 252: Augsburg-Stadt,?wknr=252#scroll=mod
59,Nezahat Baradari,SPD,"{'www.nezahat-baradari.de': 'https://www.nezahat-baradari.de/', 'Facebook': 'https://www.facebook.com/Baradari2017'}","www.nezahat-baradari.de , Facebook","https://www.nezahat-baradari.de/ , https://www.facebook.com/Baradari2017"
60,Stephan Albani,CDU/CSU,{'stephan-albani.de': 'http://www.stephan-albani.de'},stephan-albani.de,http://www.stephan-albani.de
61,Renata Alt,FDP,"{'renata-alt.de': 'http://www.renata-alt.de', 'Facebook': 'https://www.facebook.com/AltRenata/'}","renata-alt.de , Facebook","http://www.renata-alt.de , https://www.facebook.com/AltRenata/"
62,Norbert Altenkamp,CDU/CSU,"{'norbert-altenkamp.de': 'http://www.norbert-altenkamp.de/', 'Facebook': 'https://www.facebook.com/AltenkampMdB/'}","norbert-altenkamp.de , Facebook","http://www.norbert-altenkamp.de/ , https://www.facebook.com/AltenkampMdB/"
63,Peter Altmaier,CDU/CSU,"{'peteraltmaier.de': 'http://www.peteraltmaier.de/', 'Facebook': 'https://de-de.facebook.com/peter.altmaier/', 'Twitter': 'https://twitter.com/peteraltmaier'}","peteraltmaier.de , Facebook , Twitter","http://www.peteraltmaier.de/ , https://de-de.facebook.com/peter.altmaier/ , https://twitter.com/peteraltmaier"
64,Philipp Amthor,CDU/CSU,"{'philipp-amthor.de': 'http://www.philipp-amthor.de/', 'Facebook': 'https://www.facebook.com/amthor.philipp/'}","philipp-amthor.de , Facebook","http://www.philipp-amthor.de/ , https://www.facebook.com/amthor.philipp/"
65,Luise Amtsberg,Alliance 90/The Greens,"{'luise-amtsberg.de': 'http://www.luise-amtsberg.de', 'Facebook': 'https://de-de.facebook.com/LuiseAmtsberg/', 'Instagram': 'https://www.instagram.com/amtsbergluise/?hl=de'}","luise-amtsberg.de , Facebook , Instagram","http://www.luise-amtsberg.de , https://de-de.facebook.com/LuiseAmtsberg/ , https://www.instagram.com/amtsbergluise/?hl=de"
66,Kerstin Andreae,Alliance 90/The Greens,{'Wahlkreis 281: Freiburg': '?wknr=281#scroll=mod'},Wahlkreis 281: Freiburg,?wknr=281#scroll=mod
67,Niels Annen,SPD,{'nielsannen.de': 'http://www.nielsannen.de'},nielsannen.de,http://www.nielsannen.de
68,Ingrid Arndt-Brauer,SPD,{'arndt-brauer.de': 'http://www.arndt-brauer.de'},arndt-brauer.de,http://www.arndt-brauer.de
69,Christine Aschenberg-Dugnus,FDP,"{'caschenbergdugnus.abgeordnete.fdpbt.de': 'https://caschenbergdugnus.abgeordnete.fdpbt.de/', 'Facebook': 'https://www.facebook.com/AschenbergDugnusMdB/', 'Twitter': 'https://twitter.com/cad59?lang=de', 'Instagram': 'https://www.instagram.com/aschenbergdugnus/?hl=de'}","caschenbergdugnus.abgeordnete.fdpbt.de , Facebook , Twitter , Instagram","https://caschenbergdugnus.abgeordnete.fdpbt.de/ , https://www.facebook.com/AschenbergDugnusMdB/ , https://twitter.com/cad59?lang=de , https://www.instagram.com/aschenbergdugnus/?hl=de"
70,Artur Auernhammer,CDU/CSU,{'Facebook': 'https://www.facebook.com/AuernhammerMdB'},Facebook,https://www.facebook.com/AuernhammerMdB
71,Peter Aumer,CDU/CSU,"{'peter-aumer.de': 'http://www.peter-aumer.de/', 'Facebook': 'https://www.facebook.com/PeAumer/'}","peter-aumer.de , Facebook","http://www.peter-aumer.de/ , https://www.facebook.com/PeAumer/"
72,Bela Bach,SPD,"{'Facebook': 'https://www.facebook.com/BelaBachSPD/', 'Twitter': 'https://twitter.com/bela_bach', 'Instagram': 'https://www.instagram.com/bela_bach/'}","Facebook , Twitter , Instagram","https://www.facebook.com/BelaBachSPD/ , https://twitter.com/bela_bach , https://www.instagram.com/bela_bach/"
73,Lisa Badum,Alliance 90/The Greens,"{'lisa-badum.de': 'http://www.lisa-badum.de/', 'Facebook': 'https://www.facebook.com/BadumLisa/', 'Twitter': 'https://twitter.com/badulrichmartha', 'Instagram': 'https://www.instagram.com/badumlisa/?hl=de'}","lisa-badum.de , Facebook , Twitter , Instagram","http://www.lisa-badum.de/ , https://www.facebook.com/BadumLisa/ , https://twitter.com/badulrichmartha , https://www.instagram.com/badumlisa/?hl=de"
74,Heike Baehrens,SPD,{'heike-baehrens.de': 'http://www.heike-baehrens.de'},heike-baehrens.de,http://www.heike-baehrens.de
75,Dorothee Bär,CDU/CSU,{'dorothee-baer.de': 'https://dorothee-baer.de/'},dorothee-baer.de,https://dorothee-baer.de/
76,Annalena Baerbock,Alliance 90/The Greens,{'Wahlkreis 061: Potsdam – Potsdam-Mittelmark II – Teltow-Fläming II': '?wknr=061#scroll=mod'},Wahlkreis 061: Potsdam – Potsdam-Mittelmark II – Teltow-Fläming II,?wknr=061#scroll=mod
77,Ulrike Bahr,SPD,{'Wahlkreis 252: Augsburg-Stadt': '?wknr=252#scroll=mod'},Wahlkreis 252: Augsburg-Stadt,?wknr=252#scroll=mod
78,Nezahat Baradari,SPD,"{'www.nezahat-baradari.de': 'https://www.nezahat-baradari.de/', 'Facebook': 'https://www.facebook.com/Baradari2017'}","www.nezahat-baradari.de , Facebook","https://www.nezahat-baradari.de/ , https://www.facebook.com/Baradari2017"
79,Thomas Bareiß,CDU/CSU,"{'thomas-bareiss.de': 'http://www.thomas-bareiss.de', 'Twitter': 'https://twitter.com/Thomas_Bareiss?ref_src=twsrc%5Egoogle%7Ctwcamp%5Eserp%7Ctwgr%5Eauthor', 'Facebook': 'https://www.facebook.com/thomas.bareiss', 'Instagram': 'https://www.instagram.com/thomasbareiss/'}","thomas-bareiss.de , Twitter , Facebook , Instagram","http://www.thomas-bareiss.de , https://twitter.com/Thomas_Bareiss?ref_src=twsrc%5Egoogle%7Ctwcamp%5Eserp%7Ctwgr%5Eauthor , https://www.facebook.com/thomas.bareiss , https://www.instagram.com/thomasbareiss/"
80,Renata Alt,FDP,"{'renata-alt.de': 'http://www.renata-alt.de', 'Facebook': 'https://www.facebook.com/AltRenata/'}","renata-alt.de , Facebook","http://www.renata-alt.de , https://www.facebook.com/AltRenata/"
81,Norbert Altenkamp,CDU/CSU,"{'norbert-altenkamp.de': 'http://www.norbert-altenkamp.de/', 'Facebook': 'https://www.facebook.com/AltenkampMdB/'}","norbert-altenkamp.de , Facebook","http://www.norbert-altenkamp.de/ , https://www.facebook.com/AltenkampMdB/"
82,Peter Altmaier,CDU/CSU,"{'peteraltmaier.de': 'http://www.peteraltmaier.de/', 'Facebook': 'https://de-de.facebook.com/peter.altmaier/', 'Twitter': 'https://twitter.com/peteraltmaier'}","peteraltmaier.de , Facebook , Twitter","http://www.peteraltmaier.de/ , https://de-de.facebook.com/peter.altmaier/ , https://twitter.com/peteraltmaier"
83,Philipp Amthor,CDU/CSU,"{'philipp-amthor.de': 'http://www.philipp-amthor.de/', 'Facebook': 'https://www.facebook.com/amthor.philipp/'}","philipp-amthor.de , Facebook","http://www.philipp-amthor.de/ , https://www.facebook.com/amthor.philipp/"
84,Luise Amtsberg,Alliance 90/The Greens,"{'luise-amtsberg.de': 'http://www.luise-amtsberg.de', 'Facebook': 'https://de-de.facebook.com/LuiseAmtsberg/', 'Instagram': 'https://www.instagram.com/amtsbergluise/?hl=de'}","luise-amtsberg.de , Facebook , Instagram","http://www.luise-amtsberg.de , https://de-de.facebook.com/LuiseAmtsberg/ , https://www.instagram.com/amtsbergluise/?hl=de"
85,Kerstin Andreae,Alliance 90/The Greens,{'Wahlkreis 281: Freiburg': '?wknr=281#scroll=mod'},Wahlkreis 281: Freiburg,?wknr=281#scroll=mod
86,Niels Annen,SPD,{'nielsannen.de': 'http://www.nielsannen.de'},nielsannen.de,http://www.nielsannen.de
87,Ingrid Arndt-Brauer,SPD,{'arndt-brauer.de': 'http://www.arndt-brauer.de'},arndt-brauer.de,http://www.arndt-brauer.de
88,Christine Aschenberg-Dugnus,FDP,"{'caschenbergdugnus.abgeordnete.fdpbt.de': 'https://caschenbergdugnus.abgeordnete.fdpbt.de/', 'Facebook': 'https://www.facebook.com/AschenbergDugnusMdB/', 'Twitter': 'https://twitter.com/cad59?lang=de', 'Instagram': 'https://www.instagram.com/aschenbergdugnus/?hl=de'}","caschenbergdugnus.abgeordnete.fdpbt.de , Facebook , Twitter , Instagram","https://caschenbergdugnus.abgeordnete.fdpbt.de/ , https://www.facebook.com/AschenbergDugnusMdB/ , https://twitter.com/cad59?lang=de , https://www.instagram.com/aschenbergdugnus/?hl=de"
89,Artur Auernhammer,CDU/CSU,{'Facebook': 'https://www.facebook.com/AuernhammerMdB'},Facebook,https://www.facebook.com/AuernhammerMdB
90,Peter Aumer,CDU/CSU,"{'peter-aumer.de': 'http://www.peter-aumer.de/', 'Facebook': 'https://www.facebook.com/PeAumer/'}","peter-aumer.de , Facebook","http://www.peter-aumer.de/ , https://www.facebook.com/PeAumer/"
91,Bela Bach,SPD,"{'Facebook': 'https://www.facebook.com/BelaBachSPD/', 'Twitter': 'https://twitter.com/bela_bach', 'Instagram': 'https://www.instagram.com/bela_bach/'}","Facebook , Twitter , Instagram","https://www.facebook.com/BelaBachSPD/ , https://twitter.com/bela_bach , https://www.instagram.com/bela_bach/"
92,Lisa Badum,Alliance 90/The Greens,"{'lisa-badum.de': 'http://www.lisa-badum.de/', 'Facebook': 'https://www.facebook.com/BadumLisa/', 'Twitter': 'https://twitter.com/badulrichmartha', 'Instagram': 'https://www.instagram.com/badumlisa/?hl=de'}","lisa-badum.de , Facebook , Twitter , Instagram","http://www.lisa-badum.de/ , https://www.facebook.com/BadumLisa/ , https://twitter.com/badulrichmartha , https://www.instagram.com/badumlisa/?hl=de"
93,Heike Baehrens,SPD,{'heike-baehrens.de': 'http://www.heike-baehrens.de'},heike-baehrens.de,http://www.heike-baehrens.de
94,Dorothee Bär,CDU/CSU,{'dorothee-baer.de': 'https://dorothee-baer.de/'},dorothee-baer.de,https://dorothee-baer.de/
95,Annalena Baerbock,Alliance 90/The Greens,{'Wahlkreis 061: Potsdam – Potsdam-Mittelmark II – Teltow-Fläming II': '?wknr=061#scroll=mod'},Wahlkreis 061: Potsdam – Potsdam-Mittelmark II – Teltow-Fläming II,?wknr=061#scroll=mod
96,Ulrike Bahr,SPD,{'Wahlkreis 252: Augsburg-Stadt': '?wknr=252#scroll=mod'},Wahlkreis 252: Augsburg-Stadt,?wknr=252#scroll=mod
97,Nezahat Baradari,SPD,"{'www.nezahat-baradari.de': 'https://www.nezahat-baradari.de/', 'Facebook': 'https://www.facebook.com/Baradari2017'}","www.nezahat-baradari.de , Facebook","https://www.nezahat-baradari.de/ , https://www.facebook.com/Baradari2017"
98,Thomas Bareiß,CDU/CSU,"{'thomas-bareiss.de': 'http://www.thomas-bareiss.de', 'Twitter': 'https://twitter.com/Thomas_Bareiss?ref_src=twsrc%5Egoogle%7Ctwcamp%5Eserp%7Ctwgr%5Eauthor', 'Facebook': 'https://www.facebook.com/thomas.bareiss', 'Instagram': 'https://www.instagram.com/thomasbareiss/'}","thomas-bareiss.de , Twitter , Facebook , Instagram","http://www.thomas-bareiss.de , https://twitter.com/Thomas_Bareiss?ref_src=twsrc%5Egoogle%7Ctwcamp%5Eserp%7Ctwgr%5Eauthor , https://www.facebook.com/thomas.bareiss , https://www.instagram.com/thomasbareiss/"
99,Katarina Barley,SPD,{'Wahlkreis 203: Trier': '?wknr=203#scroll=mod'},Wahlkreis 203: Trier,?wknr=203#scroll=mod
100,Norbert Altenkamp,CDU/CSU,"{'norbert-altenkamp.de': 'http://www.norbert-altenkamp.de/', 'Facebook': 'https://www.facebook.com/AltenkampMdB/'}","norbert-altenkamp.de , Facebook","http://www.norbert-altenkamp.de/ , https://www.facebook.com/AltenkampMdB/"
101,Peter Altmaier,CDU/CSU,"{'peteraltmaier.de': 'http://www.peteraltmaier.de/', 'Facebook': 'https://de-de.facebook.com/peter.altmaier/', 'Twitter': 'https://twitter.com/peteraltmaier'}","peteraltmaier.de , Facebook , Twitter","http://www.peteraltmaier.de/ , https://de-de.facebook.com/peter.altmaier/ , https://twitter.com/peteraltmaier"
102,Philipp Amthor,CDU/CSU,"{'philipp-amthor.de': 'http://www.philipp-amthor.de/', 'Facebook': 'https://www.facebook.com/amthor.philipp/'}","philipp-amthor.de , Facebook","http://www.philipp-amthor.de/ , https://www.facebook.com/amthor.philipp/"
103,Luise Amtsberg,Alliance 90/The Greens,"{'luise-amtsberg.de': 'http://www.luise-amtsberg.de', 'Facebook': 'https://de-de.facebook.com/LuiseAmtsberg/', 'Instagram': 'https://www.instagram.com/amtsbergluise/?hl=de'}","luise-amtsberg.de , Facebook , Instagram","http://www.luise-amtsberg.de , https://de-de.facebook.com/LuiseAmtsberg/ , https://www.instagram.com/amtsbergluise/?hl=de"
104,Kerstin Andreae,Alliance 90/The Greens,{'Wahlkreis 281: Freiburg': '?wknr=281#scroll=mod'},Wahlkreis 281: Freiburg,?wknr=281#scroll=mod
105,Niels Annen,SPD,{'nielsannen.de': 'http://www.nielsannen.de'},nielsannen.de,http://www.nielsannen.de
106,Ingrid Arndt-Brauer,SPD,{'arndt-brauer.de': 'http://www.arndt-brauer.de'},arndt-brauer.de,http://www.arndt-brauer.de
107,Christine Aschenberg-Dugnus,FDP,"{'caschenbergdugnus.abgeordnete.fdpbt.de': 'https://caschenbergdugnus.abgeordnete.fdpbt.de/', 'Facebook': 'https://www.facebook.com/AschenbergDugnusMdB/', 'Twitter': 'https://twitter.com/cad59?lang=de', 'Instagram': 'https://www.instagram.com/aschenbergdugnus/?hl=de'}","caschenbergdugnus.abgeordnete.fdpbt.de , Facebook , Twitter , Instagram","https://caschenbergdugnus.abgeordnete.fdpbt.de/ , https://www.facebook.com/AschenbergDugnusMdB/ , https://twitter.com/cad59?lang=de , https://www.instagram.com/aschenbergdugnus/?hl=de"
108,Artur Auernhammer,CDU/CSU,{'Facebook': 'https://www.facebook.com/AuernhammerMdB'},Facebook,https://www.facebook.com/AuernhammerMdB
109,Peter Aumer,CDU/CSU,"{'peter-aumer.de': 'http://www.peter-aumer.de/', 'Facebook': 'https://www.facebook.com/PeAumer/'}","peter-aumer.de , Facebook","http://www.peter-aumer.de/ , https://www.facebook.com/PeAumer/"
110,Bela Bach,SPD,"{'Facebook': 'https://www.facebook.com/BelaBachSPD/', 'Twitter': 'https://twitter.com/bela_bach', 'Instagram': 'https://www.instagram.com/bela_bach/'}","Facebook , Twitter , Instagram","https://www.facebook.com/BelaBachSPD/ , https://twitter.com/bela_bach , https://www.instagram.com/bela_bach/"
111,Lisa Badum,Alliance 90/The Greens,"{'lisa-badum.de': 'http://www.lisa-badum.de/', 'Facebook': 'https://www.facebook.com/BadumLisa/', 'Twitter': 'https://twitter.com/badulrichmartha', 'Instagram': 'https://www.instagram.com/badumlisa/?hl=de'}","lisa-badum.de , Facebook , Twitter , Instagram","http://www.lisa-badum.de/ , https://www.facebook.com/BadumLisa/ , https://twitter.com/badulrichmartha , https://www.instagram.com/badumlisa/?hl=de"
112,Heike Baehrens,SPD,{'heike-baehrens.de': 'http://www.heike-baehrens.de'},heike-baehrens.de,http://www.heike-baehrens.de
113,Dorothee Bär,CDU/CSU,{'dorothee-baer.de': 'https://dorothee-baer.de/'},dorothee-baer.de,https://dorothee-baer.de/
114,Annalena Baerbock,Alliance 90/The Greens,{'Wahlkreis 061: Potsdam – Potsdam-Mittelmark II – Teltow-Fläming II': '?wknr=061#scroll=mod'},Wahlkreis 061: Potsdam – Potsdam-Mittelmark II – Teltow-Fläming II,?wknr=061#scroll=mod
115,Ulrike Bahr,SPD,{'Wahlkreis 252: Augsburg-Stadt': '?wknr=252#scroll=mod'},Wahlkreis 252: Augsburg-Stadt,?wknr=252#scroll=mod
116,Nezahat Baradari,SPD,"{'www.nezahat-baradari.de': 'https://www.nezahat-baradari.de/', 'Facebook': 'https://www.facebook.com/Baradari2017'}","www.nezahat-baradari.de , Facebook","https://www.nezahat-baradari.de/ , https://www.facebook.com/Baradari2017"
117,Thomas Bareiß,CDU/CSU,"{'thomas-bareiss.de': 'http://www.thomas-bareiss.de', 'Twitter': 'https://twitter.com/Thomas_Bareiss?ref_src=twsrc%5Egoogle%7Ctwcamp%5Eserp%7Ctwgr%5Eauthor', 'Facebook': 'https://www.facebook.com/thomas.bareiss', 'Instagram': 'https://www.instagram.com/thomasbareiss/'}","thomas-bareiss.de , Twitter , Facebook , Instagram","http://www.thomas-bareiss.de , https://twitter.com/Thomas_Bareiss?ref_src=twsrc%5Egoogle%7Ctwcamp%5Eserp%7Ctwgr%5Eauthor , https://www.facebook.com/thomas.bareiss , https://www.instagram.com/thomasbareiss/"
118,Katarina Barley,SPD,{'Wahlkreis 203: Trier': '?wknr=203#scroll=mod'},Wahlkreis 203: Trier,?wknr=203#scroll=mod
119,Doris Barnett,SPD,{'doris-barnett.de': 'http://www.Doris-Barnett.de'},doris-barnett.de,http://www.Doris-Barnett.de
120,Peter Altmaier,CDU/CSU,"{'peteraltmaier.de': 'http://www.peteraltmaier.de/', 'Facebook': 'https://de-de.facebook.com/peter.altmaier/', 'Twitter': 'https://twitter.com/peteraltmaier'}","peteraltmaier.de , Facebook , Twitter","http://www.peteraltmaier.de/ , https://de-de.facebook.com/peter.altmaier/ , https://twitter.com/peteraltmaier"
121,Philipp Amthor,CDU/CSU,"{'philipp-amthor.de': 'http://www.philipp-amthor.de/', 'Facebook': 'https://www.facebook.com/amthor.philipp/'}","philipp-amthor.de , Facebook","http://www.philipp-amthor.de/ , https://www.facebook.com/amthor.philipp/"
122,Luise Amtsberg,Alliance 90/The Greens,"{'luise-amtsberg.de': 'http://www.luise-amtsberg.de', 'Facebook': 'https://de-de.facebook.com/LuiseAmtsberg/', 'Instagram': 'https://www.instagram.com/amtsbergluise/?hl=de'}","luise-amtsberg.de , Facebook , Instagram","http://www.luise-amtsberg.de , https://de-de.facebook.com/LuiseAmtsberg/ , https://www.instagram.com/amtsbergluise/?hl=de"
123,Kerstin Andreae,Alliance 90/The Greens,{'Wahlkreis 281: Freiburg': '?wknr=281#scroll=mod'},Wahlkreis 281: Freiburg,?wknr=281#scroll=mod
124,Niels Annen,SPD,{'nielsannen.de': 'http://www.nielsannen.de'},nielsannen.de,http://www.nielsannen.de
125,Ingrid Arndt-Brauer,SPD,{'arndt-brauer.de': 'http://www.arndt-brauer.de'},arndt-brauer.de,http://www.arndt-brauer.de
126,Christine Aschenberg-Dugnus,FDP,"{'caschenbergdugnus.abgeordnete.fdpbt.de': 'https://caschenbergdugnus.abgeordnete.fdpbt.de/', 'Facebook': 'https://www.facebook.com/AschenbergDugnusMdB/', 'Twitter': 'https://twitter.com/cad59?lang=de', 'Instagram': 'https://www.instagram.com/aschenbergdugnus/?hl=de'}","caschenbergdugnus.abgeordnete.fdpbt.de , Facebook , Twitter , Instagram","https://caschenbergdugnus.abgeordnete.fdpbt.de/ , https://www.facebook.com/AschenbergDugnusMdB/ , https://twitter.com/cad59?lang=de , https://www.instagram.com/aschenbergdugnus/?hl=de"
127,Artur Auernhammer,CDU/CSU,{'Facebook': 'https://www.facebook.com/AuernhammerMdB'},Facebook,https://www.facebook.com/AuernhammerMdB
128,Peter Aumer,CDU/CSU,"{'peter-aumer.de': 'http://www.peter-aumer.de/', 'Facebook': 'https://www.facebook.com/PeAumer/'}","peter-aumer.de , Facebook","http://www.peter-aumer.de/ , https://www.facebook.com/PeAumer/"
129,Bela Bach,SPD,"{'Facebook': 'https://www.facebook.com/BelaBachSPD/', 'Twitter': 'https://twitter.com/bela_bach', 'Instagram': 'https://www.instagram.com/bela_bach/'}","Facebook , Twitter , Instagram","https://www.facebook.com/BelaBachSPD/ , https://twitter.com/bela_bach , https://www.instagram.com/bela_bach/"
130,Lisa Badum,Alliance 90/The Greens,"{'lisa-badum.de': 'http://www.lisa-badum.de/', 'Facebook': 'https://www.facebook.com/BadumLisa/', 'Twitter': 'https://twitter.com/badulrichmartha', 'Instagram': 'https://www.instagram.com/badumlisa/?hl=de'}","lisa-badum.de , Facebook , Twitter , Instagram","http://www.lisa-badum.de/ , https://www.facebook.com/BadumLisa/ , https://twitter.com/badulrichmartha , https://www.instagram.com/badumlisa/?hl=de"
131,Heike Baehrens,SPD,{'heike-baehrens.de': 'http://www.heike-baehrens.de'},heike-baehrens.de,http://www.heike-baehrens.de
132,Dorothee Bär,CDU/CSU,{'dorothee-baer.de': 'https://dorothee-baer.de/'},dorothee-baer.de,https://dorothee-baer.de/
133,Annalena Baerbock,Alliance 90/The Greens,{'Wahlkreis 061: Potsdam – Potsdam-Mittelmark II – Teltow-Fläming II': '?wknr=061#scroll=mod'},Wahlkreis 061: Potsdam – Potsdam-Mittelmark II – Teltow-Fläming II,?wknr=061#scroll=mod
134,Ulrike Bahr,SPD,{'Wahlkreis 252: Augsburg-Stadt': '?wknr=252#scroll=mod'},Wahlkreis 252: Augsburg-Stadt,?wknr=252#scroll=mod
135,Nezahat Baradari,SPD,"{'www.nezahat-baradari.de': 'https://www.nezahat-baradari.de/', 'Facebook': 'https://www.facebook.com/Baradari2017'}","www.nezahat-baradari.de , Facebook","https://www.nezahat-baradari.de/ , https://www.facebook.com/Baradari2017"
136,Thomas Bareiß,CDU/CSU,"{'thomas-bareiss.de': 'http://www.thomas-bareiss.de', 'Twitter': 'https://twitter.com/Thomas_Bareiss?ref_src=twsrc%5Egoogle%7Ctwcamp%5Eserp%7Ctwgr%5Eauthor', 'Facebook': 'https://www.facebook.com/thomas.bareiss', 'Instagram': 'https://www.instagram.com/thomasbareiss/'}","thomas-bareiss.de , Twitter , Facebook , Instagram","http://www.thomas-bareiss.de , https://twitter.com/Thomas_Bareiss?ref_src=twsrc%5Egoogle%7Ctwcamp%5Eserp%7Ctwgr%5Eauthor , https://www.facebook.com/thomas.bareiss , https://www.instagram.com/thomasbareiss/"
137,Katarina Barley,SPD,{'Wahlkreis 203: Trier': '?wknr=203#scroll=mod'},Wahlkreis 203: Trier,?wknr=203#scroll=mod
138,Doris Barnett,SPD,{'doris-barnett.de': 'http://www.Doris-Barnett.de'},doris-barnett.de,http://www.Doris-Barnett.de
139,Simone Barrientos,The Left Party,"{'simone-barrientos.de': 'http://simone-barrientos.de/', 'Facebook': 'https://www.facebook.com/simonebarrientosseite/'}","simone-barrientos.de , Facebook","http://simone-barrientos.de/ , https://www.facebook.com/simonebarrientosseite/"
140,Philipp Amthor,CDU/CSU,"{'philipp-amthor.de': 'http://www.philipp-amthor.de/', 'Facebook': 'https://www.facebook.com/amthor.philipp/'}","philipp-amthor.de , Facebook","http://www.philipp-amthor.de/ , https://www.facebook.com/amthor.philipp/"
141,Luise Amtsberg,Alliance 90/The Greens,"{'luise-amtsberg.de': 'http://www.luise-amtsberg.de', 'Facebook': 'https://de-de.facebook.com/LuiseAmtsberg/', 'Instagram': 'https://www.instagram.com/amtsbergluise/?hl=de'}","luise-amtsberg.de , Facebook , Instagram","http://www.luise-amtsberg.de , https://de-de.facebook.com/LuiseAmtsberg/ , https://www.instagram.com/amtsbergluise/?hl=de"
142,Kerstin Andreae,Alliance 90/The Greens,{'Wahlkreis 281: Freiburg': '?wknr=281#scroll=mod'},Wahlkreis 281: Freiburg,?wknr=281#scroll=mod
143,Niels Annen,SPD,{'nielsannen.de': 'http://www.nielsannen.de'},nielsannen.de,http://www.nielsannen.de
144,Ingrid Arndt-Brauer,SPD,{'arndt-brauer.de': 'http://www.arndt-brauer.de'},arndt-brauer.de,http://www.arndt-brauer.de
145,Christine Aschenberg-Dugnus,FDP,"{'caschenbergdugnus.abgeordnete.fdpbt.de': 'https://caschenbergdugnus.abgeordnete.fdpbt.de/', 'Facebook': 'https://www.facebook.com/AschenbergDugnusMdB/', 'Twitter': 'https://twitter.com/cad59?lang=de', 'Instagram': 'https://www.instagram.com/aschenbergdugnus/?hl=de'}","caschenbergdugnus.abgeordnete.fdpbt.de , Facebook , Twitter , Instagram","https://caschenbergdugnus.abgeordnete.fdpbt.de/ , https://www.facebook.com/AschenbergDugnusMdB/ , https://twitter.com/cad59?lang=de , https://www.instagram.com/aschenbergdugnus/?hl=de"
146,Artur Auernhammer,CDU/CSU,{'Facebook': 'https://www.facebook.com/AuernhammerMdB'},Facebook,https://www.facebook.com/AuernhammerMdB
147,Peter Aumer,CDU/CSU,"{'peter-aumer.de': 'http://www.peter-aumer.de/', 'Facebook': 'https://www.facebook.com/PeAumer/'}","peter-aumer.de , Facebook","http://www.peter-aumer.de/ , https://www.facebook.com/PeAumer/"
148,Bela Bach,SPD,"{'Facebook': 'https://www.facebook.com/BelaBachSPD/', 'Twitter': 'https://twitter.com/bela_bach', 'Instagram': 'https://www.instagram.com/bela_bach/'}","Facebook , Twitter , Instagram","https://www.facebook.com/BelaBachSPD/ , https://twitter.com/bela_bach , https://www.instagram.com/bela_bach/"
149,Lisa Badum,Alliance 90/The Greens,"{'lisa-badum.de': 'http://www.lisa-badum.de/', 'Facebook': 'https://www.facebook.com/BadumLisa/', 'Twitter': 'https://twitter.com/badulrichmartha', 'Instagram': 'https://www.instagram.com/badumlisa/?hl=de'}","lisa-badum.de , Facebook , Twitter , Instagram","http://www.lisa-badum.de/ , https://www.facebook.com/BadumLisa/ , https://twitter.com/badulrichmartha , https://www.instagram.com/badumlisa/?hl=de"
150,Heike Baehrens,SPD,{'heike-baehrens.de': 'http://www.heike-baehrens.de'},heike-baehrens.de,http://www.heike-baehrens.de
151,Dorothee Bär,CDU/CSU,{'dorothee-baer.de': 'https://dorothee-baer.de/'},dorothee-baer.de,https://dorothee-baer.de/
152,Annalena Baerbock,Alliance 90/The Greens,{'Wahlkreis 061: Potsdam – Potsdam-Mittelmark II – Teltow-Fläming II': '?wknr=061#scroll=mod'},Wahlkreis 061: Potsdam – Potsdam-Mittelmark II – Teltow-Fläming II,?wknr=061#scroll=mod
153,Ulrike Bahr,SPD,{'Wahlkreis 252: Augsburg-Stadt': '?wknr=252#scroll=mod'},Wahlkreis 252: Augsburg-Stadt,?wknr=252#scroll=mod
154,Nezahat Baradari,SPD,"{'www.nezahat-baradari.de': 'https://www.nezahat-baradari.de/', 'Facebook': 'https://www.facebook.com/Baradari2017'}","www.nezahat-baradari.de , Facebook","https://www.nezahat-baradari.de/ , https://www.facebook.com/Baradari2017"
155,Thomas Bareiß,CDU/CSU,"{'thomas-bareiss.de': 'http://www.thomas-bareiss.de', 'Twitter': 'https://twitter.com/Thomas_Bareiss?ref_src=twsrc%5Egoogle%7Ctwcamp%5Eserp%7Ctwgr%5Eauthor', 'Facebook': 'https://www.facebook.com/thomas.bareiss', 'Instagram': 'https://www.instagram.com/thomasbareiss/'}","thomas-bareiss.de , Twitter , Facebook , Instagram","http://www.thomas-bareiss.de , https://twitter.com/Thomas_Bareiss?ref_src=twsrc%5Egoogle%7Ctwcamp%5Eserp%7Ctwgr%5Eauthor , https://www.facebook.com/thomas.bareiss , https://www.instagram.com/thomasbareiss/"
156,Katarina Barley,SPD,{'Wahlkreis 203: Trier': '?wknr=203#scroll=mod'},Wahlkreis 203: Trier,?wknr=203#scroll=mod
157,Doris Barnett,SPD,{'doris-barnett.de': 'http://www.Doris-Barnett.de'},doris-barnett.de,http://www.Doris-Barnett.de
158,Simone Barrientos,The Left Party,"{'simone-barrientos.de': 'http://simone-barrientos.de/', 'Facebook': 'https://www.facebook.com/simonebarrientosseite/'}","simone-barrientos.de , Facebook","http://simone-barrientos.de/ , https://www.facebook.com/simonebarrientosseite/"
159,Norbert Barthle,CDU/CSU,{'barthle.de': 'http://www.barthle.de'},barthle.de,http://www.barthle.de
160,Luise Amtsberg,Alliance 90/The Greens,"{'luise-amtsberg.de': 'http://www.luise-amtsberg.de', 'Facebook': 'https://de-de.facebook.com/LuiseAmtsberg/', 'Instagram': 'https://www.instagram.com/amtsbergluise/?hl=de'}","luise-amtsberg.de , Facebook , Instagram","http://www.luise-amtsberg.de , https://de-de.facebook.com/LuiseAmtsberg/ , https://www.instagram.com/amtsbergluise/?hl=de"
161,Kerstin Andreae,Alliance 90/The Greens,{'Wahlkreis 281: Freiburg': '?wknr=281#scroll=mod'},Wahlkreis 281: Freiburg,?wknr=281#scroll=mod
162,Niels Annen,SPD,{'nielsannen.de': 'http://www.nielsannen.de'},nielsannen.de,http://www.nielsannen.de
163,Ingrid Arndt-Brauer,SPD,{'arndt-brauer.de': 'http://www.arndt-brauer.de'},arndt-brauer.de,http://www.arndt-brauer.de
164,Christine Aschenberg-Dugnus,FDP,"{'caschenbergdugnus.abgeordnete.fdpbt.de': 'https://caschenbergdugnus.abgeordnete.fdpbt.de/', 'Facebook': 'https://www.facebook.com/AschenbergDugnusMdB/', 'Twitter': 'https://twitter.com/cad59?lang=de', 'Instagram': 'https://www.instagram.com/aschenbergdugnus/?hl=de'}","caschenbergdugnus.abgeordnete.fdpbt.de , Facebook , Twitter , Instagram","https://caschenbergdugnus.abgeordnete.fdpbt.de/ , https://www.facebook.com/AschenbergDugnusMdB/ , https://twitter.com/cad59?lang=de , https://www.instagram.com/aschenbergdugnus/?hl=de"
165,Artur Auernhammer,CDU/CSU,{'Facebook': 'https://www.facebook.com/AuernhammerMdB'},Facebook,https://www.facebook.com/AuernhammerMdB
166,Peter Aumer,CDU/CSU,"{'peter-aumer.de': 'http://www.peter-aumer.de/', 'Facebook': 'https://www.facebook.com/PeAumer/'}","peter-aumer.de , Facebook","http://www.peter-aumer.de/ , https://www.facebook.com/PeAumer/"
167,Bela Bach,SPD,"{'Facebook': 'https://www.facebook.com/BelaBachSPD/', 'Twitter': 'https://twitter.com/bela_bach', 'Instagram': 'https://www.instagram.com/bela_bach/'}","Facebook , Twitter , Instagram","https://www.facebook.com/BelaBachSPD/ , https://twitter.com/bela_bach , https://www.instagram.com/bela_bach/"
168,Lisa Badum,Alliance 90/The Greens,"{'lisa-badum.de': 'http://www.lisa-badum.de/', 'Facebook': 'https://www.facebook.com/BadumLisa/', 'Twitter': 'https://twitter.com/badulrichmartha', 'Instagram': 'https://www.instagram.com/badumlisa/?hl=de'}","lisa-badum.de , Facebook , Twitter , Instagram","http://www.lisa-badum.de/ , https://www.facebook.com/BadumLisa/ , https://twitter.com/badulrichmartha , https://www.instagram.com/badumlisa/?hl=de"
169,Heike Baehrens,SPD,{'heike-baehrens.de': 'http://www.heike-baehrens.de'},heike-baehrens.de,http://www.heike-baehrens.de
170,Dorothee Bär,CDU/CSU,{'dorothee-baer.de': 'https://dorothee-baer.de/'},dorothee-baer.de,https://dorothee-baer.de/
171,Annalena Baerbock,Alliance 90/The Greens,{'Wahlkreis 061: Potsdam – Potsdam-Mittelmark II – Teltow-Fläming II': '?wknr=061#scroll=mod'},Wahlkreis 061: Potsdam – Potsdam-Mittelmark II – Teltow-Fläming II,?wknr=061#scroll=mod
172,Ulrike Bahr,SPD,{'Wahlkreis 252: Augsburg-Stadt': '?wknr=252#scroll=mod'},Wahlkreis 252: Augsburg-Stadt,?wknr=252#scroll=mod
173,Nezahat Baradari,SPD,"{'www.nezahat-baradari.de': 'https://www.nezahat-baradari.de/', 'Facebook': 'https://www.facebook.com/Baradari2017'}","www.nezahat-baradari.de , Facebook","https://www.nezahat-baradari.de/ , https://www.facebook.com/Baradari2017"
174,Thomas Bareiß,CDU/CSU,"{'thomas-bareiss.de': 'http://www.thomas-bareiss.de', 'Twitter': 'https://twitter.com/Thomas_Bareiss?ref_src=twsrc%5Egoogle%7Ctwcamp%5Eserp%7Ctwgr%5Eauthor', 'Facebook': 'https://www.facebook.com/thomas.bareiss', 'Instagram': 'https://www.instagram.com/thomasbareiss/'}","thomas-bareiss.de , Twitter , Facebook , Instagram","http://www.thomas-bareiss.de , https://twitter.com/Thomas_Bareiss?ref_src=twsrc%5Egoogle%7Ctwcamp%5Eserp%7Ctwgr%5Eauthor , https://www.facebook.com/thomas.bareiss , https://www.instagram.com/thomasbareiss/"
175,Katarina Barley,SPD,{'Wahlkreis 203: Trier': '?wknr=203#scroll=mod'},Wahlkreis 203: Trier,?wknr=203#scroll=mod
176,Doris Barnett,SPD,{'doris-barnett.de': 'http://www.Doris-Barnett.de'},doris-barnett.de,http://www.Doris-Barnett.de
177,Simone Barrientos,The Left Party,"{'simone-barrientos.de': 'http://simone-barrientos.de/', 'Facebook': 'https://www.facebook.com/simonebarrientosseite/'}","simone-barrientos.de , Facebook","http://simone-barrientos.de/ , https://www.facebook.com/simonebarrientosseite/"
178,Norbert Barthle,CDU/CSU,{'barthle.de': 'http://www.barthle.de'},barthle.de,http://www.barthle.de
179,Matthias Bartke,SPD,{'Wahlkreis 019: Hamburg-Altona': '?wknr=019#scroll=mod'},Wahlkreis 019: Hamburg-Altona,?wknr=019#scroll=mod
180,Kerstin Andreae,Alliance 90/The Greens,{'Wahlkreis 281: Freiburg': '?wknr=281#scroll=mod'},Wahlkreis 281: Freiburg,?wknr=281#scroll=mod
181,Niels Annen,SPD,{'nielsannen.de': 'http://www.nielsannen.de'},nielsannen.de,http://www.nielsannen.de
182,Ingrid Arndt-Brauer,SPD,{'arndt-brauer.de': 'http://www.arndt-brauer.de'},arndt-brauer.de,http://www.arndt-brauer.de
183,Christine Aschenberg-Dugnus,FDP,"{'caschenbergdugnus.abgeordnete.fdpbt.de': 'https://caschenbergdugnus.abgeordnete.fdpbt.de/', 'Facebook': 'https://www.facebook.com/AschenbergDugnusMdB/', 'Twitter': 'https://twitter.com/cad59?lang=de', 'Instagram': 'https://www.instagram.com/aschenbergdugnus/?hl=de'}","caschenbergdugnus.abgeordnete.fdpbt.de , Facebook , Twitter , Instagram","https://caschenbergdugnus.abgeordnete.fdpbt.de/ , https://www.facebook.com/AschenbergDugnusMdB/ , https://twitter.com/cad59?lang=de , https://www.instagram.com/aschenbergdugnus/?hl=de"
184,Artur Auernhammer,CDU/CSU,{'Facebook': 'https://www.facebook.com/AuernhammerMdB'},Facebook,https://www.facebook.com/AuernhammerMdB
185,Peter Aumer,CDU/CSU,"{'peter-aumer.de': 'http://www.peter-aumer.de/', 'Facebook': 'https://www.facebook.com/PeAumer/'}","peter-aumer.de , Facebook","http://www.peter-aumer.de/ , https://www.facebook.com/PeAumer/"
186,Bela Bach,SPD,"{'Facebook': 'https://www.facebook.com/BelaBachSPD/', 'Twitter': 'https://twitter.com/bela_bach', 'Instagram': 'https://www.instagram.com/bela_bach/'}","Facebook , Twitter , Instagram","https://www.facebook.com/BelaBachSPD/ , https://twitter.com/bela_bach , https://www.instagram.com/bela_bach/"
187,Lisa Badum,Alliance 90/The Greens,"{'lisa-badum.de': 'http://www.lisa-badum.de/', 'Facebook': 'https://www.facebook.com/BadumLisa/', 'Twitter': 'https://twitter.com/badulrichmartha', 'Instagram': 'https://www.instagram.com/badumlisa/?hl=de'}","lisa-badum.de , Facebook , Twitter , Instagram","http://www.lisa-badum.de/ , https://www.facebook.com/BadumLisa/ , https://twitter.com/badulrichmartha , https://www.instagram.com/badumlisa/?hl=de"
188,Heike Baehrens,SPD,{'heike-baehrens.de': 'http://www.heike-baehrens.de'},heike-baehrens.de,http://www.heike-baehrens.de
189,Dorothee Bär,CDU/CSU,{'dorothee-baer.de': 'https://dorothee-baer.de/'},dorothee-baer.de,https://dorothee-baer.de/
190,Annalena Baerbock,Alliance 90/The Greens,{'Wahlkreis 061: Potsdam – Potsdam-Mittelmark II – Teltow-Fläming II': '?wknr=061#scroll=mod'},Wahlkreis 061: Potsdam – Potsdam-Mittelmark II – Teltow-Fläming II,?wknr=061#scroll=mod
191,Ulrike Bahr,SPD,{'Wahlkreis 252: Augsburg-Stadt': '?wknr=252#scroll=mod'},Wahlkreis 252: Augsburg-Stadt,?wknr=252#scroll=mod
192,Nezahat Baradari,SPD,"{'www.nezahat-baradari.de': 'https://www.nezahat-baradari.de/', 'Facebook': 'https://www.facebook.com/Baradari2017'}","www.nezahat-baradari.de , Facebook","https://www.nezahat-baradari.de/ , https://www.facebook.com/Baradari2017"
193,Thomas Bareiß,CDU/CSU,"{'thomas-bareiss.de': 'http://www.thomas-bareiss.de', 'Twitter': 'https://twitter.com/Thomas_Bareiss?ref_src=twsrc%5Egoogle%7Ctwcamp%5Eserp%7Ctwgr%5Eauthor', 'Facebook': 'https://www.facebook.com/thomas.bareiss', 'Instagram': 'https://www.instagram.com/thomasbareiss/'}","thomas-bareiss.de , Twitter , Facebook , Instagram","http://www.thomas-bareiss.de , https://twitter.com/Thomas_Bareiss?ref_src=twsrc%5Egoogle%7Ctwcamp%5Eserp%7Ctwgr%5Eauthor , https://www.facebook.com/thomas.bareiss , https://www.instagram.com/thomasbareiss/"
194,Katarina Barley,SPD,{'Wahlkreis 203: Trier': '?wknr=203#scroll=mod'},Wahlkreis 203: Trier,?wknr=203#scroll=mod
195,Doris Barnett,SPD,{'doris-barnett.de': 'http://www.Doris-Barnett.de'},doris-barnett.de,http://www.Doris-Barnett.de
196,Simone Barrientos,The Left Party,"{'simone-barrientos.de': 'http://simone-barrientos.de/', 'Facebook': 'https://www.facebook.com/simonebarrientosseite/'}","simone-barrientos.de , Facebook","http://simone-barrientos.de/ , https://www.facebook.com/simonebarrientosseite/"
197,Norbert Barthle,CDU/CSU,{'barthle.de': 'http://www.barthle.de'},barthle.de,http://www.barthle.de
198,Matthias Bartke,SPD,{'Wahlkreis 019: Hamburg-Altona': '?wknr=019#scroll=mod'},Wahlkreis 019: Hamburg-Altona,?wknr=019#scroll=mod
199,Sören Bartol,SPD,{'bartol.de': 'http://www.bartol.de/'},bartol.de,http://www.bartol.de/
200,Niels Annen,SPD,{'nielsannen.de': 'http://www.nielsannen.de'},nielsannen.de,http://www.nielsannen.de
201,Ingrid Arndt-Brauer,SPD,{'arndt-brauer.de': 'http://www.arndt-brauer.de'},arndt-brauer.de,http://www.arndt-brauer.de
202,Christine Aschenberg-Dugnus,FDP,"{'caschenbergdugnus.abgeordnete.fdpbt.de': 'https://caschenbergdugnus.abgeordnete.fdpbt.de/', 'Facebook': 'https://www.facebook.com/AschenbergDugnusMdB/', 'Twitter': 'https://twitter.com/cad59?lang=de', 'Instagram': 'https://www.instagram.com/aschenbergdugnus/?hl=de'}","caschenbergdugnus.abgeordnete.fdpbt.de , Facebook , Twitter , Instagram","https://caschenbergdugnus.abgeordnete.fdpbt.de/ , https://www.facebook.com/AschenbergDugnusMdB/ , https://twitter.com/cad59?lang=de , https://www.instagram.com/aschenbergdugnus/?hl=de"
203,Artur Auernhammer,CDU/CSU,{'Facebook': 'https://www.facebook.com/AuernhammerMdB'},Facebook,https://www.facebook.com/AuernhammerMdB
204,Peter Aumer,CDU/CSU,"{'peter-aumer.de': 'http://www.peter-aumer.de/', 'Facebook': 'https://www.facebook.com/PeAumer/'}","peter-aumer.de , Facebook","http://www.peter-aumer.de/ , https://www.facebook.com/PeAumer/"
205,Bela Bach,SPD,"{'Facebook': 'https://www.facebook.com/BelaBachSPD/', 'Twitter': 'https://twitter.com/bela_bach', 'Instagram': 'https://www.instagram.com/bela_bach/'}","Facebook , Twitter , Instagram","https://www.facebook.com/BelaBachSPD/ , https://twitter.com/bela_bach , https://www.instagram.com/bela_bach/"
206,Lisa Badum,Alliance 90/The Greens,"{'lisa-badum.de': 'http://www.lisa-badum.de/', 'Facebook': 'https://www.facebook.com/BadumLisa/', 'Twitter': 'https://twitter.com/badulrichmartha', 'Instagram': 'https://www.instagram.com/badumlisa/?hl=de'}","lisa-badum.de , Facebook , Twitter , Instagram","http://www.lisa-badum.de/ , https://www.facebook.com/BadumLisa/ , https://twitter.com/badulrichmartha , https://www.instagram.com/badumlisa/?hl=de"
207,Heike Baehrens,SPD,{'heike-baehrens.de': 'http://www.heike-baehrens.de'},heike-baehrens.de,http://www.heike-baehrens.de
208,Dorothee Bär,CDU/CSU,{'dorothee-baer.de': 'https://dorothee-baer.de/'},dorothee-baer.de,https://dorothee-baer.de/
209,Annalena Baerbock,Alliance 90/The Greens,{'Wahlkreis 061: Potsdam – Potsdam-Mittelmark II – Teltow-Fläming II': '?wknr=061#scroll=mod'},Wahlkreis 061: Potsdam – Potsdam-Mittelmark II – Teltow-Fläming II,?wknr=061#scroll=mod
210,Ulrike Bahr,SPD,{'Wahlkreis 252: Augsburg-Stadt': '?wknr=252#scroll=mod'},Wahlkreis 252: Augsburg-Stadt,?wknr=252#scroll=mod
211,Nezahat Baradari,SPD,"{'www.nezahat-baradari.de': 'https://www.nezahat-baradari.de/', 'Facebook': 'https://www.facebook.com/Baradari2017'}","www.nezahat-baradari.de , Facebook","https://www.nezahat-baradari.de/ , https://www.facebook.com/Baradari2017"
212,Thomas Bareiß,CDU/CSU,"{'thomas-bareiss.de': 'http://www.thomas-bareiss.de', 'Twitter': 'https://twitter.com/Thomas_Bareiss?ref_src=twsrc%5Egoogle%7Ctwcamp%5Eserp%7Ctwgr%5Eauthor', 'Facebook': 'https://www.facebook.com/thomas.bareiss', 'Instagram': 'https://www.instagram.com/thomasbareiss/'}","thomas-bareiss.de , Twitter , Facebook , Instagram","http://www.thomas-bareiss.de , https://twitter.com/Thomas_Bareiss?ref_src=twsrc%5Egoogle%7Ctwcamp%5Eserp%7Ctwgr%5Eauthor , https://www.facebook.com/thomas.bareiss , https://www.instagram.com/thomasbareiss/"
213,Katarina Barley,SPD,{'Wahlkreis 203: Trier': '?wknr=203#scroll=mod'},Wahlkreis 203: Trier,?wknr=203#scroll=mod
214,Doris Barnett,SPD,{'doris-barnett.de': 'http://www.Doris-Barnett.de'},doris-barnett.de,http://www.Doris-Barnett.de
215,Simone Barrientos,The Left Party,"{'simone-barrientos.de': 'http://simone-barrientos.de/', 'Facebook': 'https://www.facebook.com/simonebarrientosseite/'}","simone-barrientos.de , Facebook","http://simone-barrientos.de/ , https://www.facebook.com/simonebarrientosseite/"
216,Norbert Barthle,CDU/CSU,{'barthle.de': 'http://www.barthle.de'},barthle.de,http://www.barthle.de
217,Matthias Bartke,SPD,{'Wahlkreis 019: Hamburg-Altona': '?wknr=019#scroll=mod'},Wahlkreis 019: Hamburg-Altona,?wknr=019#scroll=mod
218,Sören Bartol,SPD,{'bartol.de': 'http://www.bartol.de/'},bartol.de,http://www.bartol.de/
219,Dr. Dietmar Bartsch,The Left Party,"{'dietmar-bartsch.de': 'http://www.dietmar-bartsch.de/', 'Facebook': 'http://www.facebook.com/DietmarBartschMdB/', 'Twitter': 'http://www.twitter.com/DietmarBartsch'}","dietmar-bartsch.de , Facebook , Twitter","http://www.dietmar-bartsch.de/ , http://www.facebook.com/DietmarBartschMdB/ , http://www.twitter.com/DietmarBartsch"
220,Ingrid Arndt-Brauer,SPD,{'arndt-brauer.de': 'http://www.arndt-brauer.de'},arndt-brauer.de,http://www.arndt-brauer.de
221,Christine Aschenberg-Dugnus,FDP,"{'caschenbergdugnus.abgeordnete.fdpbt.de': 'https://caschenbergdugnus.abgeordnete.fdpbt.de/', 'Facebook': 'https://www.facebook.com/AschenbergDugnusMdB/', 'Twitter': 'https://twitter.com/cad59?lang=de', 'Instagram': 'https://www.instagram.com/aschenbergdugnus/?hl=de'}","caschenbergdugnus.abgeordnete.fdpbt.de , Facebook , Twitter , Instagram","https://caschenbergdugnus.abgeordnete.fdpbt.de/ , https://www.facebook.com/AschenbergDugnusMdB/ , https://twitter.com/cad59?lang=de , https://www.instagram.com/aschenbergdugnus/?hl=de"
222,Artur Auernhammer,CDU/CSU,{'Facebook': 'https://www.facebook.com/AuernhammerMdB'},Facebook,https://www.facebook.com/AuernhammerMdB
223,Peter Aumer,CDU/CSU,"{'peter-aumer.de': 'http://www.peter-aumer.de/', 'Facebook': 'https://www.facebook.com/PeAumer/'}","peter-aumer.de , Facebook","http://www.peter-aumer.de/ , https://www.facebook.com/PeAumer/"
224,Bela Bach,SPD,"{'Facebook': 'https://www.facebook.com/BelaBachSPD/', 'Twitter': 'https://twitter.com/bela_bach', 'Instagram': 'https://www.instagram.com/bela_bach/'}","Facebook , Twitter , Instagram","https://www.facebook.com/BelaBachSPD/ , https://twitter.com/bela_bach , https://www.instagram.com/bela_bach/"
225,Lisa Badum,Alliance 90/The Greens,"{'lisa-badum.de': 'http://www.lisa-badum.de/', 'Facebook': 'https://www.facebook.com/BadumLisa/', 'Twitter': 'https://twitter.com/badulrichmartha', 'Instagram': 'https://www.instagram.com/badumlisa/?hl=de'}","lisa-badum.de , Facebook , Twitter , Instagram","http://www.lisa-badum.de/ , https://www.facebook.com/BadumLisa/ , https://twitter.com/badulrichmartha , https://www.instagram.com/badumlisa/?hl=de"
226,Heike Baehrens,SPD,{'heike-baehrens.de': 'http://www.heike-baehrens.de'},heike-baehrens.de,http://www.heike-baehrens.de
227,Dorothee Bär,CDU/CSU,{'dorothee-baer.de': 'https://dorothee-baer.de/'},dorothee-baer.de,https://dorothee-baer.de/
228,Annalena Baerbock,Alliance 90/The Greens,{'Wahlkreis 061: Potsdam – Potsdam-Mittelmark II – Teltow-Fläming II': '?wknr=061#scroll=mod'},Wahlkreis 061: Potsdam – Potsdam-Mittelmark II – Teltow-Fläming II,?wknr=061#scroll=mod
229,Ulrike Bahr,SPD,{'Wahlkreis 252: Augsburg-Stadt': '?wknr=252#scroll=mod'},Wahlkreis 252: Augsburg-Stadt,?wknr=252#scroll=mod
230,Nezahat Baradari,SPD,"{'www.nezahat-baradari.de': 'https://www.nezahat-baradari.de/', 'Facebook': 'https://www.facebook.com/Baradari2017'}","www.nezahat-baradari.de , Facebook","https://www.nezahat-baradari.de/ , https://www.facebook.com/Baradari2017"
231,Thomas Bareiß,CDU/CSU,"{'thomas-bareiss.de': 'http://www.thomas-bareiss.de', 'Twitter': 'https://twitter.com/Thomas_Bareiss?ref_src=twsrc%5Egoogle%7Ctwcamp%5Eserp%7Ctwgr%5Eauthor', 'Facebook': 'https://www.facebook.com/thomas.bareiss', 'Instagram': 'https://www.instagram.com/thomasbareiss/'}","thomas-bareiss.de , Twitter , Facebook , Instagram","http://www.thomas-bareiss.de , https://twitter.com/Thomas_Bareiss?ref_src=twsrc%5Egoogle%7Ctwcamp%5Eserp%7Ctwgr%5Eauthor , https://www.facebook.com/thomas.bareiss , https://www.instagram.com/thomasbareiss/"
232,Katarina Barley,SPD,{'Wahlkreis 203: Trier': '?wknr=203#scroll=mod'},Wahlkreis 203: Trier,?wknr=203#scroll=mod
233,Doris Barnett,SPD,{'doris-barnett.de': 'http://www.Doris-Barnett.de'},doris-barnett.de,http://www.Doris-Barnett.de
234,Simone Barrientos,The Left Party,"{'simone-barrientos.de': 'http://simone-barrientos.de/', 'Facebook': 'https://www.facebook.com/simonebarrientosseite/'}","simone-barrientos.de , Facebook","http://simone-barrientos.de/ , https://www.facebook.com/simonebarrientosseite/"
235,Norbert Barthle,CDU/CSU,{'barthle.de': 'http://www.barthle.de'},barthle.de,http://www.barthle.de
236,Matthias Bartke,SPD,{'Wahlkreis 019: Hamburg-Altona': '?wknr=019#scroll=mod'},Wahlkreis 019: Hamburg-Altona,?wknr=019#scroll=mod
237,Sören Bartol,SPD,{'bartol.de': 'http://www.bartol.de/'},bartol.de,http://www.bartol.de/
238,Dr. Dietmar Bartsch,The Left Party,"{'dietmar-bartsch.de': 'http://www.dietmar-bartsch.de/', 'Facebook': 'http://www.facebook.com/DietmarBartschMdB/', 'Twitter': 'http://www.twitter.com/DietmarBartsch'}","dietmar-bartsch.de , Facebook , Twitter","http://www.dietmar-bartsch.de/ , http://www.facebook.com/DietmarBartschMdB/ , http://www.twitter.com/DietmarBartsch"
239,Bärbel Bas,SPD,{'baerbelbas.de': 'http://www.baerbelbas.de/'},baerbelbas.de,http://www.baerbelbas.de/
240,Christine Aschenberg-Dugnus,FDP,"{'caschenbergdugnus.abgeordnete.fdpbt.de': 'https://caschenbergdugnus.abgeordnete.fdpbt.de/', 'Facebook': 'https://www.facebook.com/AschenbergDugnusMdB/', 'Twitter': 'https://twitter.com/cad59?lang=de', 'Instagram': 'https://www.instagram.com/aschenbergdugnus/?hl=de'}","caschenbergdugnus.abgeordnete.fdpbt.de , Facebook , Twitter , Instagram","https://caschenbergdugnus.abgeordnete.fdpbt.de/ , https://www.facebook.com/AschenbergDugnusMdB/ , https://twitter.com/cad59?lang=de , https://www.instagram.com/aschenbergdugnus/?hl=de"
241,Artur Auernhammer,CDU/CSU,{'Facebook': 'https://www.facebook.com/AuernhammerMdB'},Facebook,https://www.facebook.com/AuernhammerMdB
242,Peter Aumer,CDU/CSU,"{'peter-aumer.de': 'http://www.peter-aumer.de/', 'Facebook': 'https://www.facebook.com/PeAumer/'}","peter-aumer.de , Facebook","http://www.peter-aumer.de/ , https://www.facebook.com/PeAumer/"
243,Bela Bach,SPD,"{'Facebook': 'https://www.facebook.com/BelaBachSPD/', 'Twitter': 'https://twitter.com/bela_bach', 'Instagram': 'https://www.instagram.com/bela_bach/'}","Facebook , Twitter , Instagram","https://www.facebook.com/BelaBachSPD/ , https://twitter.com/bela_bach , https://www.instagram.com/bela_bach/"
244,Lisa Badum,Alliance 90/The Greens,"{'lisa-badum.de': 'http://www.lisa-badum.de/', 'Facebook': 'https://www.facebook.com/BadumLisa/', 'Twitter': 'https://twitter.com/badulrichmartha', 'Instagram': 'https://www.instagram.com/badumlisa/?hl=de'}","lisa-badum.de , Facebook , Twitter , Instagram","http://www.lisa-badum.de/ , https://www.facebook.com/BadumLisa/ , https://twitter.com/badulrichmartha , https://www.instagram.com/badumlisa/?hl=de"
245,Heike Baehrens,SPD,{'heike-baehrens.de': 'http://www.heike-baehrens.de'},heike-baehrens.de,http://www.heike-baehrens.de
246,Dorothee Bär,CDU/CSU,{'dorothee-baer.de': 'https://dorothee-baer.de/'},dorothee-baer.de,https://dorothee-baer.de/
247,Annalena Baerbock,Alliance 90/The Greens,{'Wahlkreis 061: Potsdam – Potsdam-Mittelmark II – Teltow-Fläming II': '?wknr=061#scroll=mod'},Wahlkreis 061: Potsdam – Potsdam-Mittelmark II – Teltow-Fläming II,?wknr=061#scroll=mod
248,Ulrike Bahr,SPD,{'Wahlkreis 252: Augsburg-Stadt': '?wknr=252#scroll=mod'},Wahlkreis 252: Augsburg-Stadt,?wknr=252#scroll=mod
249,Nezahat Baradari,SPD,"{'www.nezahat-baradari.de': 'https://www.nezahat-baradari.de/', 'Facebook': 'https://www.facebook.com/Baradari2017'}","www.nezahat-baradari.de , Facebook","https://www.nezahat-baradari.de/ , https://www.facebook.com/Baradari2017"
250,Thomas Bareiß,CDU/CSU,"{'thomas-bareiss.de': 'http://www.thomas-bareiss.de', 'Twitter': 'https://twitter.com/Thomas_Bareiss?ref_src=twsrc%5Egoogle%7Ctwcamp%5Eserp%7Ctwgr%5Eauthor', 'Facebook': 'https://www.facebook.com/thomas.bareiss', 'Instagram': 'https://www.instagram.com/thomasbareiss/'}","thomas-bareiss.de , Twitter , Facebook , Instagram","http://www.thomas-bareiss.de , https://twitter.com/Thomas_Bareiss?ref_src=twsrc%5Egoogle%7Ctwcamp%5Eserp%7Ctwgr%5Eauthor , https://www.facebook.com/thomas.bareiss , https://www.instagram.com/thomasbareiss/"
251,Katarina Barley,SPD,{'Wahlkreis 203: Trier': '?wknr=203#scroll=mod'},Wahlkreis 203: Trier,?wknr=203#scroll=mod
252,Doris Barnett,SPD,{'doris-barnett.de': 'http://www.Doris-Barnett.de'},doris-barnett.de,http://www.Doris-Barnett.de
253,Simone Barrientos,The Left Party,"{'simone-barrientos.de': 'http://simone-barrientos.de/', 'Facebook': 'https://www.facebook.com/simonebarrientosseite/'}","simone-barrientos.de , Facebook","http://simone-barrientos.de/ , https://www.facebook.com/simonebarrientosseite/"
254,Norbert Barthle,CDU/CSU,{'barthle.de': 'http://www.barthle.de'},barthle.de,http://www.barthle.de
255,Matthias Bartke,SPD,{'Wahlkreis 019: Hamburg-Altona': '?wknr=019#scroll=mod'},Wahlkreis 019: Hamburg-Altona,?wknr=019#scroll=mod
256,Sören Bartol,SPD,{'bartol.de': 'http://www.bartol.de/'},bartol.de,http://www.bartol.de/
257,Dr. Dietmar Bartsch,The Left Party,"{'dietmar-bartsch.de': 'http://www.dietmar-bartsch.de/', 'Facebook': 'http://www.facebook.com/DietmarBartschMdB/', 'Twitter': 'http://www.twitter.com/DietmarBartsch'}","dietmar-bartsch.de , Facebook , Twitter","http://www.dietmar-bartsch.de/ , http://www.facebook.com/DietmarBartschMdB/ , http://www.twitter.com/DietmarBartsch"
258,Bärbel Bas,SPD,{'baerbelbas.de': 'http://www.baerbelbas.de/'},baerbelbas.de,http://www.baerbelbas.de/
259,Nicole Bauer,FDP,"{'fdp-nicole-bauer.de': 'http://fdp-nicole-bauer.de/', 'Facebook': 'https://www.facebook.com/bauer.nicole.fdp/', 'Twitter': 'http://www.twitter.com/nicole_ae_bauer', 'Instagram': 'http://www.instagram.com/nicole_ae_bauer'}","fdp-nicole-bauer.de , Facebook , Twitter , Instagram","http://fdp-nicole-bauer.de/ , https://www.facebook.com/bauer.nicole.fdp/ , http://www.twitter.com/nicole_ae_bauer , http://www.instagram.com/nicole_ae_bauer"
260,Artur Auernhammer,CDU/CSU,{'Facebook': 'https://www.facebook.com/AuernhammerMdB'},Facebook,https://www.facebook.com/AuernhammerMdB
261,Peter Aumer,CDU/CSU,"{'peter-aumer.de': 'http://www.peter-aumer.de/', 'Facebook': 'https://www.facebook.com/PeAumer/'}","peter-aumer.de , Facebook","http://www.peter-aumer.de/ , https://www.facebook.com/PeAumer/"
262,Bela Bach,SPD,"{'Facebook': 'https://www.facebook.com/BelaBachSPD/', 'Twitter': 'https://twitter.com/bela_bach', 'Instagram': 'https://www.instagram.com/bela_bach/'}","Facebook , Twitter , Instagram","https://www.facebook.com/BelaBachSPD/ , https://twitter.com/bela_bach , https://www.instagram.com/bela_bach/"
263,Lisa Badum,Alliance 90/The Greens,"{'lisa-badum.de': 'http://www.lisa-badum.de/', 'Facebook': 'https://www.facebook.com/BadumLisa/', 'Twitter': 'https://twitter.com/badulrichmartha', 'Instagram': 'https://www.instagram.com/badumlisa/?hl=de'}","lisa-badum.de , Facebook , Twitter , Instagram","http://www.lisa-badum.de/ , https://www.facebook.com/BadumLisa/ , https://twitter.com/badulrichmartha , https://www.instagram.com/badumlisa/?hl=de"
264,Heike Baehrens,SPD,{'heike-baehrens.de': 'http://www.heike-baehrens.de'},heike-baehrens.de,http://www.heike-baehrens.de
265,Dorothee Bär,CDU/CSU,{'dorothee-baer.de': 'https://dorothee-baer.de/'},dorothee-baer.de,https://dorothee-baer.de/
266,Annalena Baerbock,Alliance 90/The Greens,{'Wahlkreis 061: Potsdam – Potsdam-Mittelmark II – Teltow-Fläming II': '?wknr=061#scroll=mod'},Wahlkreis 061: Potsdam – Potsdam-Mittelmark II – Teltow-Fläming II,?wknr=061#scroll=mod
267,Ulrike Bahr,SPD,{'Wahlkreis 252: Augsburg-Stadt': '?wknr=252#scroll=mod'},Wahlkreis 252: Augsburg-Stadt,?wknr=252#scroll=mod
268,Nezahat Baradari,SPD,"{'www.nezahat-baradari.de': 'https://www.nezahat-baradari.de/', 'Facebook': 'https://www.facebook.com/Baradari2017'}","www.nezahat-baradari.de , Facebook","https://www.nezahat-baradari.de/ , https://www.facebook.com/Baradari2017"
269,Thomas Bareiß,CDU/CSU,"{'thomas-bareiss.de': 'http://www.thomas-bareiss.de', 'Twitter': 'https://twitter.com/Thomas_Bareiss?ref_src=twsrc%5Egoogle%7Ctwcamp%5Eserp%7Ctwgr%5Eauthor', 'Facebook': 'https://www.facebook.com/thomas.bareiss', 'Instagram': 'https://www.instagram.com/thomasbareiss/'}","thomas-bareiss.de , Twitter , Facebook , Instagram","http://www.thomas-bareiss.de , https://twitter.com/Thomas_Bareiss?ref_src=twsrc%5Egoogle%7Ctwcamp%5Eserp%7Ctwgr%5Eauthor , https://www.facebook.com/thomas.bareiss , https://www.instagram.com/thomasbareiss/"
270,Katarina Barley,SPD,{'Wahlkreis 203: Trier': '?wknr=203#scroll=mod'},Wahlkreis 203: Trier,?wknr=203#scroll=mod
271,Doris Barnett,SPD,{'doris-barnett.de': 'http://www.Doris-Barnett.de'},doris-barnett.de,http://www.Doris-Barnett.de
272,Simone Barrientos,The Left Party,"{'simone-barrientos.de': 'http://simone-barrientos.de/', 'Facebook': 'https://www.facebook.com/simonebarrientosseite/'}","simone-barrientos.de , Facebook","http://simone-barrientos.de/ , https://www.facebook.com/simonebarrientosseite/"
273,Norbert Barthle,CDU/CSU,{'barthle.de': 'http://www.barthle.de'},barthle.de,http://www.barthle.de
274,Matthias Bartke,SPD,{'Wahlkreis 019: Hamburg-Altona': '?wknr=019#scroll=mod'},Wahlkreis 019: Hamburg-Altona,?wknr=019#scroll=mod
275,Sören Bartol,SPD,{'bartol.de': 'http://www.bartol.de/'},bartol.de,http://www.bartol.de/
276,Dr. Dietmar Bartsch,The Left Party,"{'dietmar-bartsch.de': 'http://www.dietmar-bartsch.de/', 'Facebook': 'http://www.facebook.com/DietmarBartschMdB/', 'Twitter': 'http://www.twitter.com/DietmarBartsch'}","dietmar-bartsch.de , Facebook , Twitter","http://www.dietmar-bartsch.de/ , http://www.facebook.com/DietmarBartschMdB/ , http://www.twitter.com/DietmarBartsch"
277,Bärbel Bas,SPD,{'baerbelbas.de': 'http://www.baerbelbas.de/'},baerbelbas.de,http://www.baerbelbas.de/
278,Nicole Bauer,FDP,"{'fdp-nicole-bauer.de': 'http://fdp-nicole-bauer.de/', 'Facebook': 'https://www.facebook.com/bauer.nicole.fdp/', 'Twitter': 'http://www.twitter.com/nicole_ae_bauer', 'Instagram': 'http://www.instagram.com/nicole_ae_bauer'}","fdp-nicole-bauer.de , Facebook , Twitter , Instagram","http://fdp-nicole-bauer.de/ , https://www.facebook.com/bauer.nicole.fdp/ , http://www.twitter.com/nicole_ae_bauer , http://www.instagram.com/nicole_ae_bauer"
279,Bernd Baumann,AfD,"{'bernd-baumann.de': 'https://www.bernd-baumann.de/', 'Twitter': 'https://twitter.com/BerndBaumannAfD', 'Facebook': 'https://www.facebook.com/Dr.Bernd.Baumann/', 'Youtube': 'https://www.youtube.com/channel/UC0gowAwNIqEOMVSuXdJHJOw'}","bernd-baumann.de , Twitter , Facebook , Youtube","https://www.bernd-baumann.de/ , https://twitter.com/BerndBaumannAfD , https://www.facebook.com/Dr.Bernd.Baumann/ , https://www.youtube.com/channel/UC0gowAwNIqEOMVSuXdJHJOw"
280,Peter Aumer,CDU/CSU,"{'peter-aumer.de': 'http://www.peter-aumer.de/', 'Facebook': 'https://www.facebook.com/PeAumer/'}","peter-aumer.de , Facebook","http://www.peter-aumer.de/ , https://www.facebook.com/PeAumer/"
281,Bela Bach,SPD,"{'Facebook': 'https://www.facebook.com/BelaBachSPD/', 'Twitter': 'https://twitter.com/bela_bach', 'Instagram': 'https://www.instagram.com/bela_bach/'}","Facebook , Twitter , Instagram","https://www.facebook.com/BelaBachSPD/ , https://twitter.com/bela_bach , https://www.instagram.com/bela_bach/"
282,Lisa Badum,Alliance 90/The Greens,"{'lisa-badum.de': 'http://www.lisa-badum.de/', 'Facebook': 'https://www.facebook.com/BadumLisa/', 'Twitter': 'https://twitter.com/badulrichmartha', 'Instagram': 'https://www.instagram.com/badumlisa/?hl=de'}","lisa-badum.de , Facebook , Twitter , Instagram","http://www.lisa-badum.de/ , https://www.facebook.com/BadumLisa/ , https://twitter.com/badulrichmartha , https://www.instagram.com/badumlisa/?hl=de"
283,Heike Baehrens,SPD,{'heike-baehrens.de': 'http://www.heike-baehrens.de'},heike-baehrens.de,http://www.heike-baehrens.de
284,Dorothee Bär,CDU/CSU,{'dorothee-baer.de': 'https://dorothee-baer.de/'},dorothee-baer.de,https://dorothee-baer.de/
285,Annalena Baerbock,Alliance 90/The Greens,{'Wahlkreis 061: Potsdam – Potsdam-Mittelmark II – Teltow-Fläming II': '?wknr=061#scroll=mod'},Wahlkreis 061: Potsdam – Potsdam-Mittelmark II – Teltow-Fläming II,?wknr=061#scroll=mod
286,Ulrike Bahr,SPD,{'Wahlkreis 252: Augsburg-Stadt': '?wknr=252#scroll=mod'},Wahlkreis 252: Augsburg-Stadt,?wknr=252#scroll=mod
287,Nezahat Baradari,SPD,"{'www.nezahat-baradari.de': 'https://www.nezahat-baradari.de/', 'Facebook': 'https://www.facebook.com/Baradari2017'}","www.nezahat-baradari.de , Facebook","https://www.nezahat-baradari.de/ , https://www.facebook.com/Baradari2017"
288,Thomas Bareiß,CDU/CSU,"{'thomas-bareiss.de': 'http://www.thomas-bareiss.de', 'Twitter': 'https://twitter.com/Thomas_Bareiss?ref_src=twsrc%5Egoogle%7Ctwcamp%5Eserp%7Ctwgr%5Eauthor', 'Facebook': 'https://www.facebook.com/thomas.bareiss', 'Instagram': 'https://www.instagram.com/thomasbareiss/'}","thomas-bareiss.de , Twitter , Facebook , Instagram","http://www.thomas-bareiss.de , https://twitter.com/Thomas_Bareiss?ref_src=twsrc%5Egoogle%7Ctwcamp%5Eserp%7Ctwgr%5Eauthor , https://www.facebook.com/thomas.bareiss , https://www.instagram.com/thomasbareiss/"
289,Katarina Barley,SPD,{'Wahlkreis 203: Trier': '?wknr=203#scroll=mod'},Wahlkreis 203: Trier,?wknr=203#scroll=mod
290,Doris Barnett,SPD,{'doris-barnett.de': 'http://www.Doris-Barnett.de'},doris-barnett.de,http://www.Doris-Barnett.de
291,Simone Barrientos,The Left Party,"{'simone-barrientos.de': 'http://simone-barrientos.de/', 'Facebook': 'https://www.facebook.com/simonebarrientosseite/'}","simone-barrientos.de , Facebook","http://simone-barrientos.de/ , https://www.facebook.com/simonebarrientosseite/"
292,Norbert Barthle,CDU/CSU,{'barthle.de': 'http://www.barthle.de'},barthle.de,http://www.barthle.de
293,Matthias Bartke,SPD,{'Wahlkreis 019: Hamburg-Altona': '?wknr=019#scroll=mod'},Wahlkreis 019: Hamburg-Altona,?wknr=019#scroll=mod
294,Sören Bartol,SPD,{'bartol.de': 'http://www.bartol.de/'},bartol.de,http://www.bartol.de/
295,Dr. Dietmar Bartsch,The Left Party,"{'dietmar-bartsch.de': 'http://www.dietmar-bartsch.de/', 'Facebook': 'http://www.facebook.com/DietmarBartschMdB/', 'Twitter': 'http://www.twitter.com/DietmarBartsch'}","dietmar-bartsch.de , Facebook , Twitter","http://www.dietmar-bartsch.de/ , http://www.facebook.com/DietmarBartschMdB/ , http://www.twitter.com/DietmarBartsch"
296,Bärbel Bas,SPD,{'baerbelbas.de': 'http://www.baerbelbas.de/'},baerbelbas.de,http://www.baerbelbas.de/
297,Nicole Bauer,FDP,"{'fdp-nicole-bauer.de': 'http://fdp-nicole-bauer.de/', 'Facebook': 'https://www.facebook.com/bauer.nicole.fdp/', 'Twitter': 'http://www.twitter.com/nicole_ae_bauer', 'Instagram': 'http://www.instagram.com/nicole_ae_bauer'}","fdp-nicole-bauer.de , Facebook , Twitter , Instagram","http://fdp-nicole-bauer.de/ , https://www.facebook.com/bauer.nicole.fdp/ , http://www.twitter.com/nicole_ae_bauer , http://www.instagram.com/nicole_ae_bauer"
298,Bernd Baumann,AfD,"{'bernd-baumann.de': 'https://www.bernd-baumann.de/', 'Twitter': 'https://twitter.com/BerndBaumannAfD', 'Facebook': 'https://www.facebook.com/Dr.Bernd.Baumann/', 'Youtube': 'https://www.youtube.com/channel/UC0gowAwNIqEOMVSuXdJHJOw'}","bernd-baumann.de , Twitter , Facebook , Youtube","https://www.bernd-baumann.de/ , https://twitter.com/BerndBaumannAfD , https://www.facebook.com/Dr.Bernd.Baumann/ , https://www.youtube.com/channel/UC0gowAwNIqEOMVSuXdJHJOw"
299,Margarete Bause,Alliance 90/The Greens,"{'margarete-bause.de': 'http://www.margarete-bause.de', 'Facebook': 'https://www.facebook.com/margarete.bause/', 'Twitter': 'https://www.twitter.com/MargareteBause'}","margarete-bause.de , Facebook , Twitter","http://www.margarete-bause.de , https://www.facebook.com/margarete.bause/ , https://www.twitter.com/MargareteBause"
300,Bela Bach,SPD,"{'Facebook': 'https://www.facebook.com/BelaBachSPD/', 'Twitter': 'https://twitter.com/bela_bach', 'Instagram': 'https://www.instagram.com/bela_bach/'}","Facebook , Twitter , Instagram","https://www.facebook.com/BelaBachSPD/ , https://twitter.com/bela_bach , https://www.instagram.com/bela_bach/"
301,Lisa Badum,Alliance 90/The Greens,"{'lisa-badum.de': 'http://www.lisa-badum.de/', 'Facebook': 'https://www.facebook.com/BadumLisa/', 'Twitter': 'https://twitter.com/badulrichmartha', 'Instagram': 'https://www.instagram.com/badumlisa/?hl=de'}","lisa-badum.de , Facebook , Twitter , Instagram","http://www.lisa-badum.de/ , https://www.facebook.com/BadumLisa/ , https://twitter.com/badulrichmartha , https://www.instagram.com/badumlisa/?hl=de"
302,Heike Baehrens,SPD,{'heike-baehrens.de': 'http://www.heike-baehrens.de'},heike-baehrens.de,http://www.heike-baehrens.de
303,Dorothee Bär,CDU/CSU,{'dorothee-baer.de': 'https://dorothee-baer.de/'},dorothee-baer.de,https://dorothee-baer.de/
304,Annalena Baerbock,Alliance 90/The Greens,{'Wahlkreis 061: Potsdam – Potsdam-Mittelmark II – Teltow-Fläming II': '?wknr=061#scroll=mod'},Wahlkreis 061: Potsdam – Potsdam-Mittelmark II – Teltow-Fläming II,?wknr=061#scroll=mod
305,Ulrike Bahr,SPD,{'Wahlkreis 252: Augsburg-Stadt': '?wknr=252#scroll=mod'},Wahlkreis 252: Augsburg-Stadt,?wknr=252#scroll=mod
306,Nezahat Baradari,SPD,"{'www.nezahat-baradari.de': 'https://www.nezahat-baradari.de/', 'Facebook': 'https://www.facebook.com/Baradari2017'}","www.nezahat-baradari.de , Facebook","https://www.nezahat-baradari.de/ , https://www.facebook.com/Baradari2017"
307,Thomas Bareiß,CDU/CSU,"{'thomas-bareiss.de': 'http://www.thomas-bareiss.de', 'Twitter': 'https://twitter.com/Thomas_Bareiss?ref_src=twsrc%5Egoogle%7Ctwcamp%5Eserp%7Ctwgr%5Eauthor', 'Facebook': 'https://www.facebook.com/thomas.bareiss', 'Instagram': 'https://www.instagram.com/thomasbareiss/'}","thomas-bareiss.de , Twitter , Facebook , Instagram","http://www.thomas-bareiss.de , https://twitter.com/Thomas_Bareiss?ref_src=twsrc%5Egoogle%7Ctwcamp%5Eserp%7Ctwgr%5Eauthor , https://www.facebook.com/thomas.bareiss , https://www.instagram.com/thomasbareiss/"
308,Katarina Barley,SPD,{'Wahlkreis 203: Trier': '?wknr=203#scroll=mod'},Wahlkreis 203: Trier,?wknr=203#scroll=mod
309,Doris Barnett,SPD,{'doris-barnett.de': 'http://www.Doris-Barnett.de'},doris-barnett.de,http://www.Doris-Barnett.de
310,Simone Barrientos,The Left Party,"{'simone-barrientos.de': 'http://simone-barrientos.de/', 'Facebook': 'https://www.facebook.com/simonebarrientosseite/'}","simone-barrientos.de , Facebook","http://simone-barrientos.de/ , https://www.facebook.com/simonebarrientosseite/"
311,Norbert Barthle,CDU/CSU,{'barthle.de': 'http://www.barthle.de'},barthle.de,http://www.barthle.de
312,Matthias Bartke,SPD,{'Wahlkreis 019: Hamburg-Altona': '?wknr=019#scroll=mod'},Wahlkreis 019: Hamburg-Altona,?wknr=019#scroll=mod
313,Sören Bartol,SPD,{'bartol.de': 'http://www.bartol.de/'},bartol.de,http://www.bartol.de/
314,Dr. Dietmar Bartsch,The Left Party,"{'dietmar-bartsch.de': 'http://www.dietmar-bartsch.de/', 'Facebook': 'http://www.facebook.com/DietmarBartschMdB/', 'Twitter': 'http://www.twitter.com/DietmarBartsch'}","dietmar-bartsch.de , Facebook , Twitter","http://www.dietmar-bartsch.de/ , http://www.facebook.com/DietmarBartschMdB/ , http://www.twitter.com/DietmarBartsch"
315,Bärbel Bas,SPD,{'baerbelbas.de': 'http://www.baerbelbas.de/'},baerbelbas.de,http://www.baerbelbas.de/
316,Nicole Bauer,FDP,"{'fdp-nicole-bauer.de': 'http://fdp-nicole-bauer.de/', 'Facebook': 'https://www.facebook.com/bauer.nicole.fdp/', 'Twitter': 'http://www.twitter.com/nicole_ae_bauer', 'Instagram': 'http://www.instagram.com/nicole_ae_bauer'}","fdp-nicole-bauer.de , Facebook , Twitter , Instagram","http://fdp-nicole-bauer.de/ , https://www.facebook.com/bauer.nicole.fdp/ , http://www.twitter.com/nicole_ae_bauer , http://www.instagram.com/nicole_ae_bauer"
317,Bernd Baumann,AfD,"{'bernd-baumann.de': 'https://www.bernd-baumann.de/', 'Twitter': 'https://twitter.com/BerndBaumannAfD', 'Facebook': 'https://www.facebook.com/Dr.Bernd.Baumann/', 'Youtube': 'https://www.youtube.com/channel/UC0gowAwNIqEOMVSuXdJHJOw'}","bernd-baumann.de , Twitter , Facebook , Youtube","https://www.bernd-baumann.de/ , https://twitter.com/BerndBaumannAfD , https://www.facebook.com/Dr.Bernd.Baumann/ , https://www.youtube.com/channel/UC0gowAwNIqEOMVSuXdJHJOw"
318,Margarete Bause,Alliance 90/The Greens,"{'margarete-bause.de': 'http://www.margarete-bause.de', 'Facebook': 'https://www.facebook.com/margarete.bause/', 'Twitter': 'https://www.twitter.com/MargareteBause'}","margarete-bause.de , Facebook , Twitter","http://www.margarete-bause.de , https://www.facebook.com/margarete.bause/ , https://www.twitter.com/MargareteBause"
319,Dr. Danyal Bayaz,Alliance 90/The Greens,{'Wahlkreis 278: Bruchsal – Schwetzingen': '?wknr=278#scroll=mod'},Wahlkreis 278: Bruchsal – Schwetzingen,?wknr=278#scroll=mod
320,Lisa Badum,Alliance 90/The Greens,"{'lisa-badum.de': 'http://www.lisa-badum.de/', 'Facebook': 'https://www.facebook.com/BadumLisa/', 'Twitter': 'https://twitter.com/badulrichmartha', 'Instagram': 'https://www.instagram.com/badumlisa/?hl=de'}","lisa-badum.de , Facebook , Twitter , Instagram","http://www.lisa-badum.de/ , https://www.facebook.com/BadumLisa/ , https://twitter.com/badulrichmartha , https://www.instagram.com/badumlisa/?hl=de"
321,Heike Baehrens,SPD,{'heike-baehrens.de': 'http://www.heike-baehrens.de'},heike-baehrens.de,http://www.heike-baehrens.de
322,Dorothee Bär,CDU/CSU,{'dorothee-baer.de': 'https://dorothee-baer.de/'},dorothee-baer.de,https://dorothee-baer.de/
323,Annalena Baerbock,Alliance 90/The Greens,{'Wahlkreis 061: Potsdam – Potsdam-Mittelmark II – Teltow-Fläming II': '?wknr=061#scroll=mod'},Wahlkreis 061: Potsdam – Potsdam-Mittelmark II – Teltow-Fläming II,?wknr=061#scroll=mod
324,Ulrike Bahr,SPD,{'Wahlkreis 252: Augsburg-Stadt': '?wknr=252#scroll=mod'},Wahlkreis 252: Augsburg-Stadt,?wknr=252#scroll=mod
325,Nezahat Baradari,SPD,"{'www.nezahat-baradari.de': 'https://www.nezahat-baradari.de/', 'Facebook': 'https://www.facebook.com/Baradari2017'}","www.nezahat-baradari.de , Facebook","https://www.nezahat-baradari.de/ , https://www.facebook.com/Baradari2017"
326,Thomas Bareiß,CDU/CSU,"{'thomas-bareiss.de': 'http://www.thomas-bareiss.de', 'Twitter': 'https://twitter.com/Thomas_Bareiss?ref_src=twsrc%5Egoogle%7Ctwcamp%5Eserp%7Ctwgr%5Eauthor', 'Facebook': 'https://www.facebook.com/thomas.bareiss', 'Instagram': 'https://www.instagram.com/thomasbareiss/'}","thomas-bareiss.de , Twitter , Facebook , Instagram","http://www.thomas-bareiss.de , https://twitter.com/Thomas_Bareiss?ref_src=twsrc%5Egoogle%7Ctwcamp%5Eserp%7Ctwgr%5Eauthor , https://www.facebook.com/thomas.bareiss , https://www.instagram.com/thomasbareiss/"
327,Katarina Barley,SPD,{'Wahlkreis 203: Trier': '?wknr=203#scroll=mod'},Wahlkreis 203: Trier,?wknr=203#scroll=mod
328,Doris Barnett,SPD,{'doris-barnett.de': 'http://www.Doris-Barnett.de'},doris-barnett.de,http://www.Doris-Barnett.de
329,Simone Barrientos,The Left Party,"{'simone-barrientos.de': 'http://simone-barrientos.de/', 'Facebook': 'https://www.facebook.com/simonebarrientosseite/'}","simone-barrientos.de , Facebook","http://simone-barrientos.de/ , https://www.facebook.com/simonebarrientosseite/"
330,Norbert Barthle,CDU/CSU,{'barthle.de': 'http://www.barthle.de'},barthle.de,http://www.barthle.de
331,Matthias Bartke,SPD,{'Wahlkreis 019: Hamburg-Altona': '?wknr=019#scroll=mod'},Wahlkreis 019: Hamburg-Altona,?wknr=019#scroll=mod
332,Sören Bartol,SPD,{'bartol.de': 'http://www.bartol.de/'},bartol.de,http://www.bartol.de/
333,Dr. Dietmar Bartsch,The Left Party,"{'dietmar-bartsch.de': 'http://www.dietmar-bartsch.de/', 'Facebook': 'http://www.facebook.com/DietmarBartschMdB/', 'Twitter': 'http://www.twitter.com/DietmarBartsch'}","dietmar-bartsch.de , Facebook , Twitter","http://www.dietmar-bartsch.de/ , http://www.facebook.com/DietmarBartschMdB/ , http://www.twitter.com/DietmarBartsch"
334,Bärbel Bas,SPD,{'baerbelbas.de': 'http://www.baerbelbas.de/'},baerbelbas.de,http://www.baerbelbas.de/
335,Nicole Bauer,FDP,"{'fdp-nicole-bauer.de': 'http://fdp-nicole-bauer.de/', 'Facebook': 'https://www.facebook.com/bauer.nicole.fdp/', 'Twitter': 'http://www.twitter.com/nicole_ae_bauer', 'Instagram': 'http://www.instagram.com/nicole_ae_bauer'}","fdp-nicole-bauer.de , Facebook , Twitter , Instagram","http://fdp-nicole-bauer.de/ , https://www.facebook.com/bauer.nicole.fdp/ , http://www.twitter.com/nicole_ae_bauer , http://www.instagram.com/nicole_ae_bauer"
336,Bernd Baumann,AfD,"{'bernd-baumann.de': 'https://www.bernd-baumann.de/', 'Twitter': 'https://twitter.com/BerndBaumannAfD', 'Facebook': 'https://www.facebook.com/Dr.Bernd.Baumann/', 'Youtube': 'https://www.youtube.com/channel/UC0gowAwNIqEOMVSuXdJHJOw'}","bernd-baumann.de , Twitter , Facebook , Youtube","https://www.bernd-baumann.de/ , https://twitter.com/BerndBaumannAfD , https://www.facebook.com/Dr.Bernd.Baumann/ , https://www.youtube.com/channel/UC0gowAwNIqEOMVSuXdJHJOw"
337,Margarete Bause,Alliance 90/The Greens,"{'margarete-bause.de': 'http://www.margarete-bause.de', 'Facebook': 'https://www.facebook.com/margarete.bause/', 'Twitter': 'https://www.twitter.com/MargareteBause'}","margarete-bause.de , Facebook , Twitter","http://www.margarete-bause.de , https://www.facebook.com/margarete.bause/ , https://www.twitter.com/MargareteBause"
338,Dr. Danyal Bayaz,Alliance 90/The Greens,{'Wahlkreis 278: Bruchsal – Schwetzingen': '?wknr=278#scroll=mod'},Wahlkreis 278: Bruchsal – Schwetzingen,?wknr=278#scroll=mod
339,Canan Bayram,Alliance 90/The Greens,"{'bayram-gruene.de': 'http://bayram-gruene.de/', 'Facebook': 'https://www.facebook.com/ErststimmeBayram/', 'Twitter': 'https://twitter.com/LieblingXhain', 'Instagram': 'https://www.instagram.com/lieblingxhain/'}","bayram-gruene.de , Facebook , Twitter , Instagram","http://bayram-gruene.de/ , https://www.facebook.com/ErststimmeBayram/ , https://twitter.com/LieblingXhain , https://www.instagram.com/lieblingxhain/"
340,Heike Baehrens,SPD,{'heike-baehrens.de': 'http://www.heike-baehrens.de'},heike-baehrens.de,http://www.heike-baehrens.de
341,Dorothee Bär,CDU/CSU,{'dorothee-baer.de': 'https://dorothee-baer.de/'},dorothee-baer.de,https://dorothee-baer.de/
342,Annalena Baerbock,Alliance 90/The Greens,{'Wahlkreis 061: Potsdam – Potsdam-Mittelmark II – Teltow-Fläming II': '?wknr=061#scroll=mod'},Wahlkreis 061: Potsdam – Potsdam-Mittelmark II – Teltow-Fläming II,?wknr=061#scroll=mod
343,Ulrike Bahr,SPD,{'Wahlkreis 252: Augsburg-Stadt': '?wknr=252#scroll=mod'},Wahlkreis 252: Augsburg-Stadt,?wknr=252#scroll=mod
344,Nezahat Baradari,SPD,"{'www.nezahat-baradari.de': 'https://www.nezahat-baradari.de/', 'Facebook': 'https://www.facebook.com/Baradari2017'}","www.nezahat-baradari.de , Facebook","https://www.nezahat-baradari.de/ , https://www.facebook.com/Baradari2017"
345,Thomas Bareiß,CDU/CSU,"{'thomas-bareiss.de': 'http://www.thomas-bareiss.de', 'Twitter': 'https://twitter.com/Thomas_Bareiss?ref_src=twsrc%5Egoogle%7Ctwcamp%5Eserp%7Ctwgr%5Eauthor', 'Facebook': 'https://www.facebook.com/thomas.bareiss', 'Instagram': 'https://www.instagram.com/thomasbareiss/'}","thomas-bareiss.de , Twitter , Facebook , Instagram","http://www.thomas-bareiss.de , https://twitter.com/Thomas_Bareiss?ref_src=twsrc%5Egoogle%7Ctwcamp%5Eserp%7Ctwgr%5Eauthor , https://www.facebook.com/thomas.bareiss , https://www.instagram.com/thomasbareiss/"
346,Katarina Barley,SPD,{'Wahlkreis 203: Trier': '?wknr=203#scroll=mod'},Wahlkreis 203: Trier,?wknr=203#scroll=mod
347,Doris Barnett,SPD,{'doris-barnett.de': 'http://www.Doris-Barnett.de'},doris-barnett.de,http://www.Doris-Barnett.de
348,Simone Barrientos,The Left Party,"{'simone-barrientos.de': 'http://simone-barrientos.de/', 'Facebook': 'https://www.facebook.com/simonebarrientosseite/'}","simone-barrientos.de , Facebook","http://simone-barrientos.de/ , https://www.facebook.com/simonebarrientosseite/"
349,Norbert Barthle,CDU/CSU,{'barthle.de': 'http://www.barthle.de'},barthle.de,http://www.barthle.de
350,Matthias Bartke,SPD,{'Wahlkreis 019: Hamburg-Altona': '?wknr=019#scroll=mod'},Wahlkreis 019: Hamburg-Altona,?wknr=019#scroll=mod
351,Sören Bartol,SPD,{'bartol.de': 'http://www.bartol.de/'},bartol.de,http://www.bartol.de/
352,Dr. Dietmar Bartsch,The Left Party,"{'dietmar-bartsch.de': 'http://www.dietmar-bartsch.de/', 'Facebook': 'http://www.facebook.com/DietmarBartschMdB/', 'Twitter': 'http://www.twitter.com/DietmarBartsch'}","dietmar-bartsch.de , Facebook , Twitter","http://www.dietmar-bartsch.de/ , http://www.facebook.com/DietmarBartschMdB/ , http://www.twitter.com/DietmarBartsch"
353,Bärbel Bas,SPD,{'baerbelbas.de': 'http://www.baerbelbas.de/'},baerbelbas.de,http://www.baerbelbas.de/
354,Nicole Bauer,FDP,"{'fdp-nicole-bauer.de': 'http://fdp-nicole-bauer.de/', 'Facebook': 'https://www.facebook.com/bauer.nicole.fdp/', 'Twitter': 'http://www.twitter.com/nicole_ae_bauer', 'Instagram': 'http://www.instagram.com/nicole_ae_bauer'}","fdp-nicole-bauer.de , Facebook , Twitter , Instagram","http://fdp-nicole-bauer.de/ , https://www.facebook.com/bauer.nicole.fdp/ , http://www.twitter.com/nicole_ae_bauer , http://www.instagram.com/nicole_ae_bauer"
355,Bernd Baumann,AfD,"{'bernd-baumann.de': 'https://www.bernd-baumann.de/', 'Twitter': 'https://twitter.com/BerndBaumannAfD', 'Facebook': 'https://www.facebook.com/Dr.Bernd.Baumann/', 'Youtube': 'https://www.youtube.com/channel/UC0gowAwNIqEOMVSuXdJHJOw'}","bernd-baumann.de , Twitter , Facebook , Youtube","https://www.bernd-baumann.de/ , https://twitter.com/BerndBaumannAfD , https://www.facebook.com/Dr.Bernd.Baumann/ , https://www.youtube.com/channel/UC0gowAwNIqEOMVSuXdJHJOw"
356,Margarete Bause,Alliance 90/The Greens,"{'margarete-bause.de': 'http://www.margarete-bause.de', 'Facebook': 'https://www.facebook.com/margarete.bause/', 'Twitter': 'https://www.twitter.com/MargareteBause'}","margarete-bause.de , Facebook , Twitter","http://www.margarete-bause.de , https://www.facebook.com/margarete.bause/ , https://www.twitter.com/MargareteBause"
357,Dr. Danyal Bayaz,Alliance 90/The Greens,{'Wahlkreis 278: Bruchsal – Schwetzingen': '?wknr=278#scroll=mod'},Wahlkreis 278: Bruchsal – Schwetzingen,?wknr=278#scroll=mod
358,Canan Bayram,Alliance 90/The Greens,"{'bayram-gruene.de': 'http://bayram-gruene.de/', 'Facebook': 'https://www.facebook.com/ErststimmeBayram/', 'Twitter': 'https://twitter.com/LieblingXhain', 'Instagram': 'https://www.instagram.com/lieblingxhain/'}","bayram-gruene.de , Facebook , Twitter , Instagram","http://bayram-gruene.de/ , https://www.facebook.com/ErststimmeBayram/ , https://twitter.com/LieblingXhain , https://www.instagram.com/lieblingxhain/"
359,Jens Beeck,FDP,"{'jensbeeck.de': 'http://www.jensbeeck.de/', 'Facebook': 'https://www.facebook.com/jensbeeck.de/', 'Instagram': 'https://www.instagram.com/jensbeeck/', 'Twitter': 'https://twitter.com/jensbeeck'}","jensbeeck.de , Facebook , Instagram , Twitter","http://www.jensbeeck.de/ , https://www.facebook.com/jensbeeck.de/ , https://www.instagram.com/jensbeeck/ , https://twitter.com/jensbeeck"
360,Dorothee Bär,CDU/CSU,{'dorothee-baer.de': 'https://dorothee-baer.de/'},dorothee-baer.de,https://dorothee-baer.de/
361,Annalena Baerbock,Alliance 90/The Greens,{'Wahlkreis 061: Potsdam – Potsdam-Mittelmark II – Teltow-Fläming II': '?wknr=061#scroll=mod'},Wahlkreis 061: Potsdam – Potsdam-Mittelmark II – Teltow-Fläming II,?wknr=061#scroll=mod
362,Ulrike Bahr,SPD,{'Wahlkreis 252: Augsburg-Stadt': '?wknr=252#scroll=mod'},Wahlkreis 252: Augsburg-Stadt,?wknr=252#scroll=mod
363,Nezahat Baradari,SPD,"{'www.nezahat-baradari.de': 'https://www.nezahat-baradari.de/', 'Facebook': 'https://www.facebook.com/Baradari2017'}","www.nezahat-baradari.de , Facebook","https://www.nezahat-baradari.de/ , https://www.facebook.com/Baradari2017"
364,Thomas Bareiß,CDU/CSU,"{'thomas-bareiss.de': 'http://www.thomas-bareiss.de', 'Twitter': 'https://twitter.com/Thomas_Bareiss?ref_src=twsrc%5Egoogle%7Ctwcamp%5Eserp%7Ctwgr%5Eauthor', 'Facebook': 'https://www.facebook.com/thomas.bareiss', 'Instagram': 'https://www.instagram.com/thomasbareiss/'}","thomas-bareiss.de , Twitter , Facebook , Instagram","http://www.thomas-bareiss.de , https://twitter.com/Thomas_Bareiss?ref_src=twsrc%5Egoogle%7Ctwcamp%5Eserp%7Ctwgr%5Eauthor , https://www.facebook.com/thomas.bareiss , https://www.instagram.com/thomasbareiss/"
365,Katarina Barley,SPD,{'Wahlkreis 203: Trier': '?wknr=203#scroll=mod'},Wahlkreis 203: Trier,?wknr=203#scroll=mod
366,Doris Barnett,SPD,{'doris-barnett.de': 'http://www.Doris-Barnett.de'},doris-barnett.de,http://www.Doris-Barnett.de
367,Simone Barrientos,The Left Party,"{'simone-barrientos.de': 'http://simone-barrientos.de/', 'Facebook': 'https://www.facebook.com/simonebarrientosseite/'}","simone-barrientos.de , Facebook","http://simone-barrientos.de/ , https://www.facebook.com/simonebarrientosseite/"
368,Norbert Barthle,CDU/CSU,{'barthle.de': 'http://www.barthle.de'},barthle.de,http://www.barthle.de
369,Matthias Bartke,SPD,{'Wahlkreis 019: Hamburg-Altona': '?wknr=019#scroll=mod'},Wahlkreis 019: Hamburg-Altona,?wknr=019#scroll=mod
370,Sören Bartol,SPD,{'bartol.de': 'http://www.bartol.de/'},bartol.de,http://www.bartol.de/
371,Dr. Dietmar Bartsch,The Left Party,"{'dietmar-bartsch.de': 'http://www.dietmar-bartsch.de/', 'Facebook': 'http://www.facebook.com/DietmarBartschMdB/', 'Twitter': 'http://www.twitter.com/DietmarBartsch'}","dietmar-bartsch.de , Facebook , Twitter","http://www.dietmar-bartsch.de/ , http://www.facebook.com/DietmarBartschMdB/ , http://www.twitter.com/DietmarBartsch"
372,Bärbel Bas,SPD,{'baerbelbas.de': 'http://www.baerbelbas.de/'},baerbelbas.de,http://www.baerbelbas.de/
373,Nicole Bauer,FDP,"{'fdp-nicole-bauer.de': 'http://fdp-nicole-bauer.de/', 'Facebook': 'https://www.facebook.com/bauer.nicole.fdp/', 'Twitter': 'http://www.twitter.com/nicole_ae_bauer', 'Instagram': 'http://www.instagram.com/nicole_ae_bauer'}","fdp-nicole-bauer.de , Facebook , Twitter , Instagram","http://fdp-nicole-bauer.de/ , https://www.facebook.com/bauer.nicole.fdp/ , http://www.twitter.com/nicole_ae_bauer , http://www.instagram.com/nicole_ae_bauer"
374,Bernd Baumann,AfD,"{'bernd-baumann.de': 'https://www.bernd-baumann.de/', 'Twitter': 'https://twitter.com/BerndBaumannAfD', 'Facebook': 'https://www.facebook.com/Dr.Bernd.Baumann/', 'Youtube': 'https://www.youtube.com/channel/UC0gowAwNIqEOMVSuXdJHJOw'}","bernd-baumann.de , Twitter , Facebook , Youtube","https://www.bernd-baumann.de/ , https://twitter.com/BerndBaumannAfD , https://www.facebook.com/Dr.Bernd.Baumann/ , https://www.youtube.com/channel/UC0gowAwNIqEOMVSuXdJHJOw"
375,Margarete Bause,Alliance 90/The Greens,"{'margarete-bause.de': 'http://www.margarete-bause.de', 'Facebook': 'https://www.facebook.com/margarete.bause/', 'Twitter': 'https://www.twitter.com/MargareteBause'}","margarete-bause.de , Facebook , Twitter","http://www.margarete-bause.de , https://www.facebook.com/margarete.bause/ , https://www.twitter.com/MargareteBause"
376,Dr. Danyal Bayaz,Alliance 90/The Greens,{'Wahlkreis 278: Bruchsal – Schwetzingen': '?wknr=278#scroll=mod'},Wahlkreis 278: Bruchsal – Schwetzingen,?wknr=278#scroll=mod
377,Canan Bayram,Alliance 90/The Greens,"{'bayram-gruene.de': 'http://bayram-gruene.de/', 'Facebook': 'https://www.facebook.com/ErststimmeBayram/', 'Twitter': 'https://twitter.com/LieblingXhain', 'Instagram': 'https://www.instagram.com/lieblingxhain/'}","bayram-gruene.de , Facebook , Twitter , Instagram","http://bayram-gruene.de/ , https://www.facebook.com/ErststimmeBayram/ , https://twitter.com/LieblingXhain , https://www.instagram.com/lieblingxhain/"
378,Jens Beeck,FDP,"{'jensbeeck.de': 'http://www.jensbeeck.de/', 'Facebook': 'https://www.facebook.com/jensbeeck.de/', 'Instagram': 'https://www.instagram.com/jensbeeck/', 'Twitter': 'https://twitter.com/jensbeeck'}","jensbeeck.de , Facebook , Instagram , Twitter","http://www.jensbeeck.de/ , https://www.facebook.com/jensbeeck.de/ , https://www.instagram.com/jensbeeck/ , https://twitter.com/jensbeeck"
379,Nicola Beer,FDP,{'Wahlkreis 182: Frankfurt am Main I': '?wknr=182#scroll=mod'},Wahlkreis 182: Frankfurt am Main I,?wknr=182#scroll=mod
